course_id,title,status_in_programme,credit_points,languages,abstract,aims,independent_study,recommended_literature,prerequisites,detail_status,source_url
DE0745,Advanced data technologies,Compulsory/Courses of Limited Choice,6.0,"LV, EN","Adequate technology is needed to implement effective data storage and retrieval. The study course deals with different types of database systems (relational, relational-object and data warehouses) and their temporal, deductive and active extensions. The study course includes the practical use of the structured query language SQL and its various extensions for various database systems. In order for a specialist to be able to independently create or order a data storage solution corresponding to the company's information system, the study course also includes database design and implementation technologies. Students are introduced to information systems and database technology architectures. In the practical part of the study course, various types of databases are designed and data insertion, retrieval and processing and quality analysis are performed.","The aim of the study course is to acquaint students with the technologies of using Database (DB) system extensions (DB kernel extensions, included procedures and software packages). The task of the study course is to provide knowledge about the advantages of the following DB systems: 1. Design and implementation of geometric or spatial data DB system extension. 2. Design and implementation of temporal data DB system extension. 3. Design and implementation of multidimensional data DB system extension. 4. Design and implementation of active and deductive DB system extension. 5. Design and implementation of semi-structured data DB system extension.","The knowledge gained in lectures is strengthened and improved in practical work. Practical works also give students an idea of the real possibilities of the systems used. During the study course students must complete 4 practical works. 1. Create a database and execute queries focused on using extended SQL functions and data analysis. An evaluation of the results obtained must be carried out. 2. Create a graphical example to be entered into the graphical database. The definition of the graphical data storage structure must be implemented, data must be entered. The results of the entered data must be checked. 3. Execute graphical queries. The results obtained must be analysed and justified. 4. Create a Multidimensional Data DB system, enter data. Analytical queries must be implemented in Multidimensional DB. An evaluation of the results obtained must be carried out. Practical tasks are mandatory.","1. Obligatā. / Obligatory 2. Date, C. J.. An introduction to database systems / C.J. Date Boston (MA)... [etc.]: Pearson/Addison Wesley, c2004., xxvii, 983, [22] lpp.: il.; 24 cm. 3. Silberschatz, Abraham. Database system concepts / Abraham Silberschatz, Henry F. Korth, S. Sudarshan., xxviii, 1344 lpp.: shēmas, tabulas; 24 cm 4. Gerardus Blokdyk.. Spatial Database a Complete Guide - 2020 Edition Emereo Pty Limited, 2020. Papildu. / Additional 1. Albert K.W. Yeung, G. Brent Hall.. Spatial Database Systems: Design, Implementation and Project Management. Springer, 2007. 2. Rigaux P., Scholl M., Voisard A.. Spatial Databases. With Application to GIS Morgan Kaufmann Publishers, 2002. 3. Kimball R., Ross M., Becker B.. Kimball's Data Warehouse Toolkit Classics, 3 Volume Set Wiley, 2014. 4. Inmon W.H.. Building the Data Warehouse, 4th edition. Wiley, 2005. 5. Luger G.F. Artificial intelligence.. Structures and strategies for Complex Problem Solving. 6th edition. Addison Wesley, 2008. 6. Bertino E., Zarri G.P.. Intelligent Database Systems Addison-Wesley, 2001.",Algebra of relations and objects; predicate invoices; logic programming; data structures and algorithms; basics of database technology; relational and relational-object database systems; basic concepts of artificial intelligence; logic programming; basic concepts and methods of information systems design.,detailed_pdf_available,https://studreg.rtu.lv/reg/pub/skr/pdf/37453/en/DE0745.pdf
DE0747,Enterprise Architecture and Requirements Engineering,Compulsory/Courses of Limited Choice,6.0,"LV, EN",The study course presents basic approaches to requirements engineering. Students learn to identify and design enterprise/business architectures and specify requirements for organisational information systems viewing people and computer systems as nodes of information processing. They learn to analyse and evaluate information logistics in organizations. Acquired knowledge is beneficial not only for requirements identification for information and communication technology solutions; it is applicable also for the design of products and services in general.,"The goal of the study course is to provide knowledge, understanding and skills in the identification, representation and management of requirements while respecting the enterprise architecture of organizations. The tasks of the study course: 1. To provide an understanding of business architecture and requirements engineering standards and their evolvement dynamics. 2. To provide awareness of the range of methods used in requirements engineering. 3. To develop the ability to reflect and evaluate enterprise architecture and its changes. 4. To develop the ability to use different requirements engineering methods and evaluate their usefulness in specific situations.","In the independent studies, the topics discussed in the study course are studied in depth, including preparation for the exam. Correspond to each course topic, there also are Individual tasks where the student independently develops and evaluates business models for a problem domain of his own choice.","Obligātā/Obligatory: 1. Pohl, Klaus. Requirements engineering / Klaus Pohl. Heidelberg [etc.]: Springer, 2010., xvii, 813 lpp.: il. (specified sections/ atsevišķas nodaļas) 2. Enterprise Modeling: Tackling Business Challenges with the 4EM Method / ed. by K.Sandkuhl, J.Stirna, A.Persson, M.Wißotzki. Heidelberg [etc.]: Springer, 2014., XIV, 309 p.: ill., tab. 3. ArchiMate Specification, https://www.opengroup.org/archimate-forum/archimate-overview Papildu/Additional: 1. Robertson, Suzanne. Mastering the requirements process: getting requirements right /Suzanne Robertson, James Robertson. Upper Saddle River (N.J.) [etc.]: Addison-Wesley,2013., xxvi, 541 lpp.: il. 2. Evernden, Roger. 101 lessons from enterprise architecture / Roger Evernden. Lielbritānija: 2015., 208 lpp.: ilustrācijas. 3. Evernden, Roger. Enterprise architecture: the eight fundamental factors / Roger Evernden, Elaine Evernden. Lielbritānija: 2015., 301 lpp.: ilustrācijas. 4. Desfray, Philippe. Modeling enterprise architecture with TOGAF: a practical guide using UML and BPMN /Philippe Desfray, Gilbert Raymond. Amsterdam; Boston: Morgan Kaufmann, 2014., xvi, 288 lpp.: il.","Suggested: systems analysis, database basics.",detailed_pdf_available,https://studreg.rtu.lv/reg/pub/skr/pdf/37457/en/DE0747.pdf
DE0752,Systems Theory,Compulsory/Courses of Limited Choice,6.0,"LV, EN","Within systems theory, there have been developed general methods for the description of systems, which are based on systems thinking and allow including all relevant factors that affect the functioning of a system. In this study course, students learn the basics of systems theory and study deeper the specific systems theories that are relevant in the business context, as well as learn the basics of cybernetics. Students gain skills to use the graph theory constructs necessary for modelling of system structure and are introduced to the systems approach to the management of organizations, as well as the living and viable systems theories.",The goal of the study course is to provide knowledge about systems theory and its applications in the context of business informatics. The objectives of the study course are: 1) to acquaint with the basics of the general and specific systems theories; 2) to provide knowledge about the basics of cybernetics; 3) to develop skills to create and analyse models of system structure; 4) to acquaint with the systems approach to the management of organizations; 5) to acquaint with the basic concepts of the living and viable systems theories.,"Students must work out coursework consisting of five tasks. In the coursework, students must choose a real- world system, create a conceptual model of its structure, interpret its elements using systems theory concepts and perform analysis of the system’s structure.","Obligāta/Obligatory: 1. Dekkers R. Applied Systems Theory (2nd edition). Springer, 2017. 2. von Bertalanffy L., Hofkirchner W., Rousseau D. General System Theory: Foundations, Development, Applications. George Braziller, 2015. 3. Skyttner L. General Systems Theory: Problems, Perspectives, Practice (2nd edition). World Scientific, 2006. Papildu/Additional: 1. Seddon J. Systems Thinking in the Public Sector. Triarchy Press, 2008. 2. Daellenbach H. G., McNickle D. C. Management Science: Decision Making Through Systems Thinking. Palgrave Macmillan, 2005. 3. Gharajedaghi J. Systems Thinking: Managing Chaos and Complexity: A Platform for Designing Business Architecture. Elsevier, 2006.",Not necessary.,detailed_pdf_available,https://studreg.rtu.lv/reg/pub/skr/pdf/37463/en/DE0752.pdf
DE0740,Business Process Management and Engineering,Compulsory/Courses of Limited Choice,6.0,"LV, EN","Business process management and engineering require an understanding of basic principles of business process modelling, management, improvement, and reengineering. During the study course students will learn to develop business process models, assign performance identifiers to process elements, assess the correspondence of the business process to its goal, and to develop business process change proposals and implement changes at the level of a business process model.","The goal of the study course is to prepare the student for the accomplishment of the following tasks: business process modelling, business process design, business process management, and definition of information systems and services requirements based on detailed business process models. The objectives of the study course: 1. To enable students to learn professional business process notation and powerful process modelling and analysis tools. 2. To develop an understanding of the range of business processes and their management and improvement opportunities. 3. To develop the ability to methodically identify ICT opportunities for business process support.",The independent studies include individual assignments in which the aspects of business process modeling and management discussed in the course must be understood more deeply and business process models must be developed for the problem area chosen by the student.,"Obligātā/Obligatory: 1. Sharp A. and McDermott P. Workflow Modeling: Tools for Process Improvement and Application Development, 2nd ed., ARTECH HOUSE, 2009. 2. Business Process Model and Notation https://www.bpmn.org/ Papildu/Additional: 1. Fundamentals of Business Process Management (2018), by Marlon Dumas, Marcello La Rosa, Jan Mendling, Hajo A. Reijers. 2. Business Process Management, Concepts, Languages, Architectures by Mathias Weske, Springer, 2019. 3. Jeston J. and Nelis J. Business Process Management: Practical Guidelines for Successful implementations, Elsevier, 2006.",Recommended: knowledge of systems theories and requirements engineering.,detailed_pdf_available,https://studreg.rtu.lv/reg/pub/skr/pdf/37448/en/DE0740.pdf
DE0751,e-Business Solutions,Compulsory/Courses of Limited Choice,6.0,"LV, EN","The study course provides students with knowledge and skills in methods for e-business maintenance and management by applying technical solutions, automation methods, and laws and regulations regarding e- commerce processes. The main focus is on understanding the essentials and types of e-business and on understanding the use of modern internet technologies for organizing business processes. The practical part of the study course provides understanding on the impact of internet technologies on e-business development, on various forms of e-business (e-commerce, e-marketing, e-SCM, etc.) and the principles of developing corporate business portals based on web technologies.","The goal of the study course is to provide students with the knowledge and skills regarding e-business maintenance and management methods by applying technical solutions, automation methods, and regulations related to e-commerce processes. The objectives of the study course are: - To teach the basics of e-business, processes, and e-business organization methods. - To teach the modern Internet technologies for organizing business processes. - To teach the basics of economics and the requirements for e-business process management. - To provide skills to gather information by performing data analysis. - To provide skills to orientate in the basic processes of digital marketing, advertising, and sales. - To give knowledge on the forms of e-business: e-commerce, e-marketing, e-logistics, etc. - To give knowledge on the integration of web-based business processes. - To provide skills to use web tools for e-commerce promotion. - To give knowledge on the principles of corporate business portal design. - To give knowledge on the principles of creating e-commerce and its practical application.","A practical task is offered which must be developed in stages according to the task statement and execution schedule. This task incorporates choosing a business area, structuring business processes, developing the general structure of a web portal and developing recommendations on how to maintain individual business processes via modern web and mobile solutions.","Obligātā/Obligatory: Bianca Miller-Cole. Self Made: The definitive guide to business startup success. 2017. Christopher Cancilla. E*D*I - Electronic Data Interchange: An introduction. 2017. Dave Chaffey. Digital marketing excellence planning and optimizing your online marketing, 5th edition. New York: Routledge, 2017. Domēna vārdu lietošanas noteikumi: https://www.mobinet.lv/Domena_vardu_lietosanas_noteikumi_01012016_v1.pdf. E-komercijas pamati un vadlīniju apraksts - http://www.liaa.gov.lv/lv/biznesa-abc/e-komercija. Rīgas Tehniskās universitātes mācību platformas digitālie metodiskie materiāli un video lekcijas. Papildu/Additional: James Kinsey. Data Backup: Build a Backup Plan. 2018. Kotler P., Kartajaya H., Setiawan I. Marketing 4.0: Moving from Traditional to Digital - NY: John Wiley & Sons, 2017. – 171 lpp. Laudon K.C., Traver C. E-Commerce 2016: Business, Technology, Society. Twelfth Edition. E: Pearson Education Limited, 2016. – 908 lpp. Linda Kimeiša. Pārdotspējīgi teksti interneta mājaslapām, 2018. Maksājuma sistēmu apskats Latvijas Banka - https://www.bank.lv/darbibas-jomas/maksajumu-sistemas- uzdevumi/sistemas. Nulanjan Ray, Business Infrastructure for Sustainability in Developing Economies. 2016. Pavlo Sidelov. The World Of Digital Payments: Practical Course. 2019. Praude V., Šalkovska Jeļena, Satura Mārketings Internetā, 2018.","Business process modelling (from Business process management and engineering), basic programming skills.",detailed_pdf_available,https://studreg.rtu.lv/reg/pub/skr/pdf/37462/en/DE0751.pdf
DE0645,Portfolio Management Technologies,Compulsory/Courses of Limited Choice,6.0,"LV, EN","The development of new products and identification of growth directions is an important enterprise strategic planning problem. It also has to be balanced with current enterprise objectives, resources and competencies. The study course explores different solutions to this problem using business process modelling, multi-criteria decision-making methods and product and project feasibility analysis methods. The main attention is devoted to the integration of portfolio management into the overall life-cycle of information systems development. Technological solutions used in the evaluation of alternative projects and for integration with other information systems development tools are explored in laboratory work.","The aim of the study course is to teach information technology project identification and project portfolio management methods and technologies The tasks of the study course are to create an understanding of the challenges and solutions of the implementation of several interrelated projects in the context of the organization, as well as to teach to use of appropriate portfolio management methods and technologies.",In the coursework students propose an innovative product development project and analyse project feasibility in the context of the existing project portfolio. Appropriate portfolio management technologies are used in the coursework.,"Obligātā/Obligatory: 1. Safe 4.0 distilled: applying the scaled agile framework for lean software and systems engineering / Richard Knaster, Dean Leffingwell. (2017). 2. Safe 4.0 reference guide: scaled agile framework for lean software and systems engineering / Dean Leffingwell. (2017). 3. Essential Scrum: a practical guide to the most popular agile process / Kenneth S. Rubin. (2013). 4. Scaling Agile with Jira Align: A practical guide to strategically scaling agile across teams, programs, and portfolios in enterprises, Dean MacNeil and Aslam Cader (2020). 5. Scaling Scrum Across Modern Enterprises: Implement Scrum and Lean-Agile techniques across complex products, portfolios, and programs in large organizations, Cecil Rupp and Manjit Singh (2020). 6. Large-Scale Scrum: More with LeSS (Addison-Wesley Signature Series), Craig Larman and Bas Vodde (2016). Papildu/Additional: 1. H.A. Levine (2005), Project Portfolio Management: A Practical Guide to Selecting Projects, Managing Portfolios, and Maximizing Benefits, Jossey-Bass. 2. Bonham, S. (2004) IT Portfolio Management, Norwood Artech House Books. 3. Grabis J., Minkēviča V., Haidabrus B., Popovs R. (2020) Is Team Always Right: Producing Risk Aware Effort Estimates in Agile Development. In: Buchmann R.A., Polini A., Johansson B., Karagiannis D. (eds) Perspectives in Business Informatics Research. BIR 2020. Lecture Notes in Business Information Processing, vol 398. Springer, Cham. 4. Haidabrus B., Grabis J., Protsenko S. (2021) Agile Project Management Based on Data Analysis for Information Management Systems. In: Ivanov V., Trojanowska J., Pavlenko I., Zajac J., Peraković D. (eds) Advances in Design, Simulation and Manufacturing IV. DSMIE 2021. Lecture Notes in Mechanical Engineering. Springer, Cham. 5. Dingsøyr, T., Fægri, T.E. & Itkonen, J. 2014, What is large in large-scale? a taxonomy of scale for agile software development. Product-Focused Software Process Improvement. PROFES 2014. Lecture Notes in Computer Science, vol 8892. Springer.",Enterprise information systems.,detailed_pdf_available,https://studreg.rtu.lv/reg/pub/skr/pdf/37091/en/DE0645.pdf
DE0739,Knowledge Management Systems,Compulsory/Courses of Limited Choice,6.0,"LV, EN","The study course provides an understanding of the role of knowledge in organizations, the types of knowledge and the possibilities of supporting organizational knowledge. Students get acquainted with different ways of reflecting the organization's knowledge, approaches to the development and evaluation of a knowledge management system, and practically solve specific problems of a knowledge management system’s development.",The aim of the study course is to provide knowledge and skills that enable student to understand how the basic characteristics of knowledge affect knowledge management and to interpret the concept and goals of knowledge management in relation to modern business practices and technologies. The tasks of the study course: 1. To provide knowledge about the concept of knowledge and its nature and types. 2. To develop the ability to analyse the knowledge processes in the organization in relation to the strategic goals of the organization. 3. To provide an understanding of the role of social and technological factors in knowledge management. 4. To develop student understanding of the development of knowledge management systems and give an opportunity to get practical skills in the implementation of some stages of a knowledge management system.,"In their independent work, students research in depth the topics included in the study course, as well as jointly develop a blueprint of the knowledge management system corresponding to a specific problem area.","Obligātā/Obligatory: Hislop, Donald. Knowledge management in organizations: a critical introduction /Donald Hislop, Rachelle Bosua, and Remko Helms., xxi, 321 lpp.: diagrammas, tabulas; 25 cm. Amrit Tiwana: Knowledge Management Toolkit (any edition). Papildu/Additional: North, Klaus. Knowledge management: value creation through organizational learning /Klaus North, Gita Kumta. Cham: Springer, ©2014., xxv, 326 lpp.: il. Blokdyk, Gerard. Knowledge Management Software: a complete guide - 2020 edition: practical tools for self- assessment /Gerard Blokdyk; The Art of Service., 312 lpp.: ilustrācijas; 23 cm. Milton, Nick. The knowledge manager's handbook: a step-by-step guide to embedding effective knowledge management in your organization /Nick Milton and Patrick Lambe., xiii, 303 lpp.: ilustrācijas; 24 cm. Ronald Maier, Knowledge Management Systems: Information and Communication Technologies for Knowledge Management, Springer; 3rd edition, 2007. The Knowledge-Creating Company: How Japanese Companies Create the Dynamics of Innovation by Ikujiro Nonaka and Hirotaka Takeuchi (284 pages, Oxford University Press, 1995).","Recommended: knowledge in requirements engineering, systems theory and business process management..",detailed_pdf_available,https://studreg.rtu.lv/reg/pub/skr/pdf/37446/en/DE0739.pdf
DE0754,"Service Science, Management, and Engineering",Compulsory/Courses of Limited Choice,6.0,"LV, EN","The study course covers the service-oriented approaches in business and information systems and software engineering. It concerns vertical (inside the enterprise) and horizontal (inter-organisational) service provision situations. The emphasis is put on new innovative service development. The course comprises service design methods, basics of building service-oriented architectures, and other topics of service engineering. Students will experiment with various service development and running technologies. They will learn approaches to service governance according to the most popular service management methods and standards. Students are expected to have basic knowledge in business process modelling, systems theory, and portfolio management. The course concerns also scientific research advances in service-orientation.","The aim of the study course is to provide theoretical knowledge and practical skills in the systematic design, development and management of business and software services. Tasks of the study course: - to introduce the new service science, management and engineering discipline; - to outline the basic principles of service-oriented architecture; - to give an insight into cloud computing services; - to strengthen the skills of compiling scientific literature on the study course topics.","Individual and group assignments that are relevant to the study course topics. As part of it, students have to familiarize themselves with issues discussed in scientific articles, prepare presentations, perform practical tasks, and also prepare for the exam.","Obligātā / Obligatory: 1. Robin G. Qiu. Service Science: The Foundations of Service Engineering and Management. Wiley, 2014. 2. Paul P. Maglio, et al. Handbook of service science. New York: Springer, 2010. 3. Bill Hefley, Wendy Murphy (eds.). Service science, management and engineering: Education for the 21st century. New York: Springer, 2008. Papildu / Additional: 1. Thomas Erl, Robert Cope, Amin Naserpour. Cloud computing design patterns. New York: Prentice-Hall, 2015. 2. Thomas Erl. Service-Oriented Architecture: Analysis and Design for Services and Microservices. 2nd Ed. New York: Prentice-Hall, 2016. 3. IBM Academic Initiative Courseware.","Suggested: Business process modelling, systems theory, portfolio management",detailed_pdf_available,https://studreg.rtu.lv/reg/pub/skr/pdf/37466/en/DE0754.pdf
DE0742,"Quality, Risk and Security Technologies",Compulsory/Courses of Limited Choice,6.0,"LV, EN","A modern enterprise's operations are closely related to the application of information and communications technology. For the most part, enterprises cannot remain competitive and viable without resorting to ICT. However, selecting the most appropriate technologies for a specific company requires an understanding of ICT. Some of the most crucial prerequisites for successful deployment of ICT in an enterprise is the quality of technologies chosen, understanding of the risks associated with such technologies and security of the selected technologies. The main topic of the course is an overview of the existing quality, risk and security technologies from the following viewpoints: 1) Process; 2) Activities; 3) Standards; 4) Methods applied; and 5) Best practice examples. To ensure that the aim of the course is successfully attained, theoretical studies are complemented with practical deployment and analysis of the technologies discussed. During the practical part of the course, narratives of quality, risk and security management processes are created, existing methods and standards are applied to real-life enterprises' situation examples and existing technologies are applied in practice.","The goal of the course is to expand the student's knowledge in IT quality, risk and security management, as well as to develop skills in the organization and implementation of quality, risk and security processes. Objectives of the study course: 1) To develop the student's ability to discuss the basic principles and limitations of IT quality, risk and security management; 2) To expand knowledge in the IT quality, risk and security processes and the standards used in them; 3) To improve skills to independently organize the implementation of quality, risk and safety processes, taking into account the goals of the organization and business structure; 4) To improve the skills to perform IT risk analysis and identify potential vulnerabilities in the company, offering scenarios to improve quality and / or risks and / or security processes for real-life examples of business situations.","Independent studies include the acquisition of theoretical material in preparation for examinations, laboratory and practical assignments, as well as the development of individual assignment.","Obligātā. / Obligatory: 1. Handbook of Research on Information Security and Assurance. [elektroniskais resurss]. Hershey; New York: Information science reference, 2009., xxvii, 557 lpp.: il. 2. Dale, Barrie G.,. Managing quality: an essential guide and resource gateway /edited by Barrie G. Dale, David Bamford and Ton van der Wiele., xxii, 330 lpp.: ilustrācijas; 25 cm 3. Hoyle, David. Quality systems handbook / David Hoyle. Oxford [etc.]: Butterworth-Heinemann, 1994., xii, 380 lpp.; 24 cm. 4. Lientz, Bennet P.. Risk management for IT projects: how to deal with over 150 issues and risks /Bennet P. Lientz, Lee Larssen. Amsterdam [etc.]: Elsevier/Butterworth-Heinemann, c2006., xviii, 331 lpp.: il. Papildu. / Additional: 1. Hoyle, David. ISO 9000 quality systems handbook: increasing the quality of an organization's outputs /David Hoyle., xviii, 874 lpp.: ilustrācijas; 25 cm","Information system life cycle, knowledge about ICT infrastructure, knowledge about project management.",detailed_pdf_available,https://studreg.rtu.lv/reg/pub/skr/pdf/37450/en/DE0742.pdf
DE0746,Research Methods in Business Informatics,Compulsory/Courses of Limited Choice,3.0,"LV, EN","Modern society is being moved toward a knowledge-based model within which innovative solutions are created that can be applied to enhance the economy. However, innovative solutions can be created by synthesizing existing knowledge. Scientific methods have been designed and are applied specifically for this purpose, therefore being familiar with such methods should be of benefit to students in business informatics programmes. The main subject of the study course is the introduction to and practical application of scientific methods that can be used in computer science research. Given that some of the students may not be familiar with the concept, the study course presents the types of scientific methods and possibilities of application thereof. Design science research is discussed in detail. To ensure a more efficient learning process, theoretical studies are complemented with a realistic research project of analysis of related work in a specific domain.","The goal of the study course is to prepare students for independent scientific work in the field of Business Informatics The objectives of the study course: 1. To provide knowledge about the research process, its main activities and results to be obtained. 2. To provide an understanding of research methods and their selection conditions. 3. To develop the ability to develop and evaluate scientific work. 4. To provide an understanding of the academic integrity of scientific research.",The assignments are planned as an integral part of the study course. Every theoretical topic has an associated practical exercise that should be performed by student individually.,"Obligātā/Obligatory: Paul Johannesson and Erik Perjons, An Introduction to Design Science, Springer, 2021. Papildu/Additiona: Peter Spyns, María-Esther Vidal, Scientific Peer Reviewing: Practical Hints and Best Practices, Springer, 2015. Research methods in information / Alison Jane Pickard. London: Facet Publ., 2007. Research methods for business students / Mark Saunders, Philip Lewis, Adrian Thornhill. Harlow, England; New York: Financial Times/Prentice Hall, 2007. Research methodology: a step-by-step guide for beginners / Ranjit Kumar. London; Thousand Oaks; New Delhi: SAGE, 2005.",Recommended: experience in the thesis or project development.,detailed_pdf_available,https://studreg.rtu.lv/reg/pub/skr/pdf/37455/en/DE0746.pdf
DE0001,Storage Networking,Compulsory/Courses of Limited Choice,3.0,"LV, EN","The course covers concepts, features, design and applications of storage area networking (SAN) including management challenges, requirements, and solutions’ advantages and disadvantages. Storage consolidation, management, virtualization, scalability, performance, backup and restore, and replication are explained from the relevance to business continuity and high-availability. The course discusses basic and intermediate level information about intelligent storage solutions. The course also includes such topics as storage network architectures, Fibre Channel and other emerging technologies, and storage networking management applications and their market. After completing the course students can propose and discuss SAN solutions.",The goal of the course is to teach knowledge in storage area networking topics. The tasks of the study course: - to develop skills to propose solutions to support business continuity and high-availability; - to discuss the relevance and business value of storage area networking both with business and IT professionals.,"Most of the course's final grade consists of evaluations of independent works, in which students must demonstrate theoretical aspects and practical applications of storage networking technologies.","Obligātā / Primary: 1. Shu, Jiwu. Data Storage Architectures and Technologies. Springer, 2024. (https://link.springer.com/book/10.1007/978-981-97-3534-1) 2. Tate, J., etc. Introduction to Storage Area Networks. IBM Redbooks, 2018. (http://www.redbooks.ibm.com/abstracts/sg245470.html) 3. Troppens, U., etc. Storage Networks Explained. 2nd Ed., Wiley, 2009. ISBN 9780470741436 (search by ISBN via http://resursi.rtu.lv/login?url=https://site.ebrary.com/lib/rtulv) Papildu / Additional: 1. Information Storage and Management: Storing, Managing, and Protecting Digital Information in Classic, Virtualized, and Cloud Environments, 2nd Edition, Wiley & Sons, 2012. ISBN: 9781118094839. ((search by ISBN via http://resursi.rtu.lv/login?url=https://site.ebrary.com/lib/rtulv)) 2. Wallace, M., Webber, L. Disaster Recovery Handbook. AMACOM Books, 2004. ISBN 9780814428085 (search by ISBN via http://resursi.rtu.lv/login?url=https://site.ebrary.com/lib/rtulv)",Students must be comfortable with computer networking topics or must have taken an appropriate course.,detailed_pdf_available,https://studreg.rtu.lv/reg/pub/skr/pdf/34678/en/DE0001.pdf
DE0748,Network Security Requirements,Compulsory/Courses of Limited Choice; Courses of Free Choice,3.0,"LV, EN","The study course introduces students to cybercrime and different kinds of attacks and malware types, botnets, basic tools and methods for network monitoring and network traffic analysis, as well as methods for detecting and preventing network-based attacks. It also includes the introduction to penetration testing tools. The study course is prepared and delivered by professor Jens Myrup Pedersen, Aalborg University, Denmark. The network security educational platform developed at Aalborg University is used in the study course.","The goal of the study course is to provide the students with an overview of the most important aspects of network security. The tasks of the study course: 1. To provide students with an understanding of cybercrime and the most important attacks that the industry experiences today, including the motivations and techniques behind them. 2. To enable students to use and choose basic tools and methods for monitoring network traffic, as well as tools and methods for subsequent analysis. 3. To help to develop an understanding of the approaches to and methods for detecting and preventing network- based attacks. 4. To introduce students to penetration testing tools.","Independent studies are integrated with theoretical and practical classes. According to the material given in the theory and using additional resources, students should develop mini-projects and perform other tasks in identifying security risks and examining security requirements.","Obligātā/Obligatory: Joseph Migga Kizza, Guide to Computer Network Security, Springer 2020. Papildu/Additional: 1. Oppliger, Rolf. Secure messaging on the internet / Rolf Oppliger. Norwood, MA: Artech House, ©2014., xv, 265 lpp.: il. 2. Perez, André. Network security / Andre Perez. Hoboken, NJ: ISTE Ltd/John Wiley and Sons Inc, ©2014., xxxix, 262 lpp.: il.",Computer networks basics.,detailed_pdf_available,https://studreg.rtu.lv/reg/pub/skr/pdf/37458/en/DE0748.pdf
DE0743,Artificial Intelligence in Business,Compulsory/Courses of Limited Choice,6.0,"LV, EN","Artificial intelligence includes rather new technologies that can be used to solve complex business problems in different domains. The information technology specialist must be able to select the most suitable artificial intelligence technologies for business problems. The main topic is their usage for practical business problem solving. Different programming approaches are reviewed to show origins of the agent oriented programming and differences from other approaches. Overview of various types of agents and their applications is given in the course. Intelligent mechanisms, like planning, knowledge representation, inference and machine learning are covered, too. Already developed agent projects are analysed illustrating what types of agents are suitable for what projects. Algorithms used in artificial intelligence and their implementations as well as the agent oriented software engineering process are covered in the practical part of the course.","The goal of the course is to give understanding of the advanced artificial intelligence technologies and abilities to apply these technologies to solve various complex business problems. The main objectives of the course are the following: To acquire different programming approaches, especially the agent oriented programming. To study intelligent agents and multi-agent systems, their development and applications, as well as to be able to apply agents and multi-agent systems to solve various business problems. To study various artificial intelligence solutions and know their applicability.","Students have to carry out independent analysis of already developed agent projects using available literature and software developed in the projects. Independent studies have two goals. Firstly, the student has an opportunity to study the latest applications of intelligent agents. Secondly, he/she learns, how to analyse the available literature during the research.","Obligātā / Obligatory: 1. Russell S., Norvig P. Artificial Intelligence: A Modern Approach. 4th edition – New Jersey: Prentice – Hall, 2020 2. Wooldridge M. „An introduction to Multiagent Systems”. – Chichester, England: John Wiley & Sons, 2002, 348 p. Papildu / Additional: 1. Bonaccorso, Giuseppe. Machine learning algorithms. Packt Publishing Ltd, 2017.",None,detailed_pdf_available,https://studreg.rtu.lv/reg/pub/skr/pdf/37451/en/DE0743.pdf
DE0753,Information Systems Security Engineering,Compulsory/Courses of Limited Choice; Courses of Free Choice,6.0,"LV, EN","The study course introduces students to security risk management. It gives an opportunity to practice security modelling languages and models, analyse security threats and identify security requirements. It includes, also, the topics on security controls (role-based access control, introduction to cryptography), secure software processes, security patterns, and social engineering. The study course was prepared and is consulted by Professor Raimundas Matulevicius, University of Tartu, Estonia.","The goal of the study course is to provide students with an overview of the principles of information systems security engineering. The tasks of the study course: 1. To develop student understanding of how to ensure confidentiality, integrity, and availability of secure assets. 2. To develop students understanding of how to engineer and model security requirements and how to use the major security controls, like role-based access control and the principles for the model driven security. 3. To develop student understanding of what are the principles of secure development processes and what the security patterns are.","Independent studies are integrated with theoretical and practical classes. Every theme has a theory part, a practical part, and independent studies. The independent studies, basically, include assignments where students train and demonstrate their ability to apply theoretical concepts in practice. Individual studies also include preparation for the exam.","Obligātā/Obligatory: 1. Raimundas Matulevicius. Fundamentals of Secure System Modelling Springer, 2017. Papildu/Additional: 1. Kim, David. Fundamentals of information systems security / David Kim, Michael G. Solomon, xxii, 548 lpp.: ilustrācijas; 24 cm. 2. Whitman, Michael E. Management of information security / Michael E. Whitman, Herbert J. Mattord, xxiv, 728 lpp.: ilustrācijas; 23 cm. 3. Dalpiaz, Fabiano. Security requirements engineering: designing secure socio-technical systems / Fabiano Dalpiaz, Elda Paja, Paolo Giorgini., xxii, 201 lpp.: ilustrācijas; 24 cm.","Computer network basics, database basics.",detailed_pdf_available,https://studreg.rtu.lv/reg/pub/skr/pdf/37465/en/DE0753.pdf
DE0738,"Enterprise Information Technology Architecture, Applications and Integration",Compulsory/Courses of Limited Choice,6.0,"LV, EN","Commercially available enterprise information systems are often used in implementation and automation of enterprise business processes. The objective of the course is to master main principles of enterprise information systems, their deployment and modification. Main topics covered in the course are business process modeling, application of ERP, workflow and other enterprise systems in process automation, modification and deployment of enterprise information systems, integration of enterprise information systems and adoption service-oriented computing in enterprise systems. Technologies for the modification of enterprise systems are explored in laboratories.",To learn various alternatives of using enterprise applications for automation of business processes in the framework of overall enterprise information technology architecture,"There are two main assignments: 1. Readings – students search for scientific papers devoted to subject areas given by an instructor and write synopsis of these papers. 2. Business process automation proposal – students find the most appropriate solution for automating a selected business process automation problem, perform fit-gap analysis and design necessary modifications. Methods for completing the assignment are discussed during lectures, students submit intermediate deliverables during the course and present their solution at the end of the course.","Obligātā/Obligatory: 1. Dumas, M. et al. (2018), Fundamentals of Business Process Management, Springer. 2. Magal, S., Word, J. (2013), Integrated Business Processes with ERP Systems, Wiley. 3. Weston (2019) Learn Microsoft PowerApps, Packt Publishing. Papildu/Additional: 1. Grabis, J. (2019). Optimization of Gaps Resolution Strategy in Implementation of ERP Systems. In Proceedings of the 21st International Conference on Enterprise Information Systems - Volume 1: ICEIS, ISBN 978-989-758-372- 2. Grabis, J. Predicting Next Wave of Digitalization: Towards a Theory of Evolution of Enterprise Applications. No: BIR-WS 2019 [online]: BIR 2019 Workshops and Doctoral Consortium: Joint Proceedings of the BIR 2019 Workshops and Doctoral Consortium co-located with 18th International Conference on Perspectives in Business Informatics Research (BIR 2019), Polija, Katowice, 23.-25. septembris, 2019. Aachen: RWTH, 2019, 98.- 106.lpp. 3. Michael J. Kavis (2014) Architecting the Cloud: Design Decisions for Cloud Computing Service Models (SaaS, PaaS, and IaaS) 4. Diogo R. Ferreira (2013) Enterprise Systems Integration: A Process-Oriented Approach, Springer",Database systems,detailed_pdf_available,https://studreg.rtu.lv/reg/pub/skr/pdf/37445/en/DE0738.pdf
DE0638,Digital Transformation,Compulsory/Courses of Limited Choice,6.0,"LV, EN","Enterprise applications are used to execute enterprise business processes. The study course covers typical enterprise applications such as Enterprise Resource Planning (ERP) Systems, workflow management systems and service-oriented applications. It discusses their areas of application, technical architecture, modification and implementation at companies. In addition to these typical applications, enterprises continuously improve the business processes which includes the adoption of the latest technologies, also referred as digital transformation. These technologies are used to address some of the fundamental concerns in the area of enterprise applications. The study course investigates technologies for modification, adaptation, scaling and data-driven decision-making.","The aim of the study course is to teach the selection, use and adaptation of enterprise applications for the implementation and transformation of business processes. Tasks of the study course: - to acquaint students with current digitization trends; - to teach digitalization methodology; - to develop research skills and to evolve abilities of critical evaluation of technology deployment at enterprises and their further development.","Students have two main independent works: 1. Laboratory works - students individually develop laboratory work on the most important topics covered in the study course, which includes data processing optimization, process integration and the use of service-oriented technologies. 2. Preparation of business process implementation and transformation research - students find the most suitable solution to the chosen business process transformation problem, perform the analysis of the solution compliance and develop the necessary modifications. During the lectures, the methods necessary for the implementation of independent work are considered. During the study course, students submit their intermediate assignments and defend the proposed solution at the end of the study course.","Obligātā/Obligatory: Maheshwari, A (2019) Digital transformation: Building Intelligent Enterprises, Wiley. Andal-Ancion et al. (2003), The Digital Transformation of Traditional Businesses, MIT Sloan Management Review 44, 4, pp. 34-41. Bērziša, S., Bravos, G., Cardona Gonzalez, T., Czubayko, U., Espana, S., Grabis, J., Henkel, M., Jokste, L., Kampars, J., Koc, H., Kuhr, J., Llorca, C., Loucopoulos, P., Pascual, R., Pastor, O., Sandkuhl, K., Simic, H., Stirna, J., Valverde, F., Zdravkovic, J. Capability Driven Development: An Approach to Designing Digital Enterprises. Business & Information Systems Engineering, 2015, Vol.57, Iss.1, pp. 15-25 Urbach, N, Röglinger, M. (2019) Digitalization Cases, Springer. Grabis, J. Predicting Next Wave of Digitalization: Towards a Theory of Evolution of Enterprise Applications. No: BIR-WS 2019 [online]: BIR 2019 Workshops and Doctoral Consortium: Joint Proceedings of the BIR 2019 Workshops and Doctoral Consortium co-located with 18th International Conference on Perspectives in Business Informatics Research (BIR 2019), Polija, Katowice, 23.-25. septembris, 2019. Aachen: RWTH, 2019, 98.-106. Lpp. Grabis J. (2013) Using Process Variants in Design of Flow Management Systems. In: Kobyliński A., Sobczak A. (eds) Perspectives in Business Informatics Research. BIR 2013. Lecture Notes in Business Information Processing, vol 158. Springer. Papildu/Additional: Draheim, D. (2010) Business Process Technology: A Unified View on Business Processes, Workflows and Enterprise Applications, Springer. Ganesh, K., Mohapatra, S., Anbuudayasankar, S.P., Sivakumar, P. (2014), Enterprise Resource Planning: Fundamentals of Design and Implementation, Springer. Magal, S., Word, J. (2012), Integrated Business Processes with ERP Systems, Wiley Venkatraman, V. (2018). The Digital Matrix: New Rules for Business Transformation Through Technology, Lifetree Media Grabis, J. Transformation and Enactment of Data-Intensive Business Processes Using Advanced Architectural Styles. No: Architecting the Di","Database management systems, computer networks and basic knowledge of enterprise applications.",detailed_pdf_available,https://studreg.rtu.lv/reg/pub/skr/pdf/37084/en/DE0638.pdf
DE0750,Business Analytics,Compulsory/Courses of Limited Choice,6.0,"LV, EN","The volume of data worldwide is growing daily, and potential business value hides in data. Looking for new business opportunities in data today is an essential part of the growth of business in any sector. Business intelligence, dashboarding and data visualization is the starting point for business analytics. Knowledge discovery from data is a process that includes data retrieval, data pre-processing, selection and application of appropriate analytical methods, and interpretation of results. Data mining is the use of statistical and machine- learning techniques on historical data aiming to obtain an explanation or prediction. The course deals with key data mining approaches in supervised and unsupervised learning – regression, classification, clustering and association rules mining ? by introducing the most popular methods in each of them. Text mining and dealing with unstructured and semi-structured data is one of the topical classification targets. The course focuses on building analytical comprehension and practice, using the no-code tool Weka (additionally ? Python programming language for experienced users) to analyse real data sets and interpret the insights. Big data analytics is related to the capabilities of high performance computing. Students work in teams and apply their knowledge and skills in data analytics to develop a capstone project. The study course is adapted to a blended learning methodology and includes asynchronous and synchronous study activities, as well as the necessary support materials for asynchronous study activities. In this course, students acquire advanced digital skills in accordance with the European Digital Competence Framework for Citizens (DigComp). The course does not require previous experience in data mining or programming.","The goal of the course is to develop a comprehension of data analytics capabilities and skills to select and apply appropriate approaches to particular business data needs. The objectives of the course: 1. Introduce the needs and opportunities of business analytics. 2. Raise awareness of data extraction and processing to acquire data-driven knowledge. 3. Develop skills to work with data mining techniques and tools for decision support. 4. Promote analytical capabilities, critical thinking and academic writing skills.","Through independent studies, students perform both individual and group works to learn the main course subjects, drill the practical skills and explore in depth individual subjects. These activities are done in accordance with the principles of academic integrity. Independent studies include homework – analysis of the relevant literature, capstone project development, as well as preparing to demonstrate achieved results in presentations and examination.","Obligātā / Mandatory: 1.Data Mining, 4th Ed., Ian H. Witten, Eibe Frank, Mark A. Hall, Christopher Pal, 2016 2.Fundamentals of Business Intelligence, Wilfried Grossmann, Stefanie Rinderle-Ma, 2015 Papildu / Additional: 1.Data Mining and Machine Learning: Fundamental Concepts and Algorithms, 2nd Ed., Mohammed J. Zaki and Wagner Meira, Jr, 2020 (online book: https://dataminingbook.info/book_html/ 2.Data Mining for Business Analytics: Concepts, Techniques and Applications in Python, Galit Shmueli, Peter C. Bruce, Peter Gedeck, Nitin R. Patel, 2019 3.Business Analytics: Data Analysis and Decision Making, 7th Ed., S. Christian Albright, Wayne L. Winston, 2020 4. Business analytics: combining data, analysis & judgement to inform decisions, Mary Ellen Gordon. London: SAGE Publications Ltd, 2023.",Basic knowledge about data storage and processing with application software.,detailed_pdf_available,https://studreg.rtu.lv/reg/pub/skr/pdf/37461/en/DE0750.pdf
DE0940,Business Analytics with Machine Learning,Compulsory/Courses of Limited Choice,6.0,"LV, EN","The volume of data worldwide is growing daily, and potential business value hides in data. Looking for new business opportunities in data today is an essential part of the growth of business in any sector. The knowledge provided in this study course complements previous study experience to shape an integrated view of business analytics as a field of data science. The needs of business analytics are addressed through a perspective of machine learning project lifecycle, providing hands-on experience in the opportunities and challenges of data analytics.","The goal of the study course is to create a comprehension of data science and skills to develop data-based solutions for particular business needs. The objectives of the study course: - to introduce the needs and opportunities of business analytics; - to raise awareness of data science building blocks and machine learning project lifecycle; - to develop experience in data extraction and processing to acquire data-based knowledge; - to develop skills to select and apply machine learning methods as well as analyse their results; - to promote analytical capabilities, domain ethics and academic writing skills.","Through independent studies, students perform both individual and group works to learn the main study course subjects, drill the practical skills and explore in depth individual subjects. These activities are done in accordance with the principles of academic integrity. Independent studies include homework – analysis of the relevant literature, capstone project development, as well as preparing to demonstrate achieved results in presentations and examination.","Obligātā / Obligatory: 1. Business analytics: combining data, analysis & judgement to inform decisions, Mary Ellen Gordon. London: SAGE Publications Ltd, 2023. 2. Thompson, Simon. Managing Machine Learning Projects: from design to deployment, Manning, 2023. Papildu / Additional: 1. Data Mining and Machine Learning: Fundamental Concepts and Algorithms, 2nd Ed., Mohammed J. Zaki and Wagner Meira, Jr, 2020 (online book: https://dataminingbook.info/book_html/). 2. Data Mining for Business Analytics: Concepts, Techniques and Applications in Python, Galit Shmueli, Peter C. Bruce, Peter Gedeck, Nitin R. Patel, 2019. 3. Business Analytics: Data Analysis and Decision Making, 7th Ed., S. Christian Albright, Wayne L. Winston, 2020. 4. Practical Statistics for Data Scientists: 50+ Essential Concepts Using R and Python 2nd Edition, Peter Bruce, Andrew Bruce, Peter Gedeck. O'Reilly Media, 2020.","Basic knowledge of supervised machine learning methods, Python programming language, data base technologies.",detailed_pdf_available,https://studreg.rtu.lv/reg/pub/skr/pdf/38108/en/DE0940.pdf
BS0055,Business Law,Compulsory/Courses of Limited Choice,6.0,"LV, EN","The study course provides an insight into the basic legal principles that govern business transactions in a market economy and how these principles are applied in Latvian conditions. The study course covers the following topics: agreements, the law on business organizations, including agencies, general partnerships, and joint-stock companies; debtor-creditor relationships, such as credit obligations, secured transactions, and bankruptcy; commercial documents, including negotiable securities and title deeds. At the end of the study course, environmental legislation and the basic principles of business-related criminal law are examined.","The aim of the study course is to provide master's students with an understanding of the main legal principles governing business, determining the legal framework for relations with business partners, public authorities, dispute resolution and protection of skills and human resources. The task of the study course is to teach to distinguish different areas of business law, evaluate each situation and determine the direction of the main necessary activities.","Students accomplish research work individual, analyze cases, discuss appropriate situations and prepare reports.","Obligātā/Obligatory: Agency and Partnership: Examples and Explanations by Daniel S. Kleinberger, 1995, 721 p. Business Law: The Ethical, Global, and E-Commerce Environment 17th Edition by Arlen Langvardt, A. James Barnes, Jamie Darin Prenkert, Martin A. McCrory, Joshua Perry, 2018, 1648 p. The Complete Guide to Buying a Business by Fred Steingold, 2005, 441 p. Papildu/Additional: Business Law Today by Gaylord Jentz and Roger LeRoy Miller, 1988, 1106 p.",Bachelor degree.,detailed_pdf_available,https://studreg.rtu.lv/reg/pub/skr/pdf/37468/en/BS0055.pdf
BS0054,Business Ethics,Compulsory/Courses of Limited Choice,6.0,"LV, EN","The study course provides theoretical knowledge about the understanding of the concept of ethics for solving moral problems in business, the social and general origin of these problems, understanding of the specific moral issues of the business environment and the use of different solutions in typical business problems. The study course will cover business ethics management topics related to accountability, transparency, control, compliance, regulations, laws and accountability.","The aim of the study course is to provide an insight into business-related ethical issues and to acquaint with a modern approach to solving problems specific to business relationships. The tasks of the study course are to develop the ability to think ahead, to teach to recognize ethical issues, as well as to acquaint with decision-making models.","Students accoplish for the discussion of the topics independently, analyse the study cases, prepare and submit required reports.","Obligātā/Obligatory: Business Ethics by Kurt Stanberry and Stephen M. Byars, 2018, 380 p. Honest Work: A Business Ethics Reader by Clancy Martin, Joanne B. Ciulla, and Robert C. Solomon, 2013, 736 p. The Speed of Trust: The One Thing That Changes Everything by Stephen M. R. Covey, 2006, 468 p. Papildu/Additional: Influence Without Authority by Allan R. Cohen and David L. Bradford, 1989, 320 p.",Bachelor degree.,detailed_pdf_available,https://studreg.rtu.lv/reg/pub/skr/pdf/37467/en/BS0054.pdf
BS0052,Entrepreneurship,Compulsory/Courses of Limited Choice,6.0,"LV, EN","The study course will develop an understanding of business processes as well as skills, abilities and actions to promote entrepreneurship. The knowledge and tactical skills acquired in the study course will prepare for work in an uncertain, complex and ever-changing labour market with an economic downturn, global mobility, an increase in contract work, changes in employment status and an increase in self-employment.","The study course goal is to explore entrepreneurship and business culture. The tasks of the study course: 1. To acquaint with the main aspects of business planning, marketing, and financial management that are necessary for the development of the business field. 2. To develop the ability to think creatively and innovatively, using the company as a key component in future development.","Students independently analyze the literature of the study course, prepare for tests, prepare a business plan and appendices, prepare and present a business idea, and prepare for the final exam.","Obligātā/Obligatory: Bruce Barringer and Duane Ireland, Entrepreneurship: Successfully Launching New Ventures, Pearson, Fifth Edition (global edition), 2015, 568 p. The Lean Startup by Eric Ries, 2011, 336 p. Zero to One by Blake Masters and Peter Thiel, 2014, 224 p. Papildu/Additional: The Hard Thing About Hard Things by Ben Horowitz, 2014, 304 p.",Bachelor degree.,detailed_pdf_available,https://studreg.rtu.lv/reg/pub/skr/pdf/37460/en/BS0052.pdf
BS0053,Business Communication Skills,Compulsory/Courses of Limited Choice,6.0,"LV, EN","The study course envisages the acquisition of theoretical and practical methods of communication skills for business and management communication. The study course consists of lectures, discussions and presentations. During the study course, students will learn to analyse the audience, argue and test their ability to persuade others both in writing and orally. The study course includes both persuasive and expressive writing, individual and group presentations, discussions during lectures and individual assignments designed to improve performance.","The aim of the study course is to build and improve relationships with employees and customers. The tasks of the study course: 1. To develop practical knowledge of business and management communication theories and principles. 2. To develop skills that help in different scenarios, regular one-on-one meetings, group meetings, presentations, negotiations, etc. 3. To improve communication skills by using group and individual exercises in different communication scenarios.","Students independently study study course literature, active discuss the relevant topics in class, prepare for practical work and presentations, tests and exams.","Obligātā/Obligatory: Guide to Managerial Communication by. Mary M. Munter, Lynn Hamilton, 10/E, 2014, 208 p. Storytelling With Data: A Data Visualization Guide for Business Professionals by Cole Nussbaumer Knaflic, 2015, 288 p. Business Communication for Success by Scott McLean, 2010, 408 p. Papildu/Additional: Business Communication by Meenakshi Raman and Prakash Singh, 2012, 640 p.",Bachelor degree.,detailed_pdf_available,https://studreg.rtu.lv/reg/pub/skr/pdf/37464/en/BS0053.pdf
BS0050,Entrepreneurial Finance,Compulsory/Courses of Limited Choice,6.0,"LV, EN","The course is designed to help students understand the business financial process. The course examines the methods of venture capital and private equity financing, focusing on various offers - start-ups, investment growth and redemption - from the perspective of both the entrepreneur and the investor. The Business Finance course prepares students for competent business and corporate finance management skills. The course focuses on the specific financial planning and financial decision-making needs of business projects, including the financial and management challenges of the creation and development phase.",The aim of the course is to prepare students to be competent in business and corporate finance. Course tasks- Improve the ability to evaluate business activities using exel Develop the ability to create capitalization tables. Introduce different financing strategies,"Students independently analyze the study course literature on the topics realated to business financing process. Permorm discussions on the course topics. Prepare homework, prepare financial statements and analyze financial statements. Prepare for individual tests and exams.","Obligātā/ Mandatory Chris Leach and Ronald Melicher. (2020). Entrepreneurial Finance. 7th edition, ISBN 9780357442043, 2020, 752 lpp Entrepreneurial Finance, Fourth Edition: Finance and Business Strategies for the Serious Entrepreneur, Steven Rogers, 2020, 384 lpp Fundamentals of Entrepreneurial Finance by Marco Da Rin and Thomas Hellmann, 2020, 657 Papildu/ Additional Financial Intelligence, Revised Edition: A Manager's Guide to Knowing What the Numbers Really Mean, Karen Berman, 2013, 304 lpp",Bachelor degree and knowledge in Financial and Managerial Accounting,detailed_pdf_available,https://studreg.rtu.lv/reg/pub/skr/pdf/37454/en/BS0050.pdf
BS0051,Leadership,Compulsory/Courses of Limited Choice,6.0,"LV, EN","The study course will look at the key challenges that a company needs to solve in order to successfully develop adaptability and cope with constant change while working with high performance. Particular attention will be paid to the organizational and cultural aspects, which often prevent the company from developing and lead to bankruptcy. To make such a change, managers must have a strong intuition that allows them to make managerial, organizational, and business decisions. The “holistic” thinking that good leaders need to have and how to take advantage of it when developing and implementing strategies will also be explored.","The aim of the study course is to teach how to get people to recognize the ever-changing reality and take on the challenges associated with it. The tasks of the study course: 1. To develop practical knowledge in managing organizational change 2. To improve change management skills. The leader must be an example of the behaviour he would like to expect from others. This also applies to areas such as personal growth, self-awareness, self-motivation and problem-solving skills. 3. To develop skills to analyse and put into practice human communication skills so that people take individual and collective responsibility to create and improve the conditions in which they find themselves. 4. To develop communication, motivation and decision-making skills will be developed to build a strong management team and manage the dynamics of the organization.","Students independently analyze the literature of the study course. Analyze cases related to the transformation of companies or organizations, develop implementation plan for the necessary changes, analyze business failures. Prepare for assingmentss, presentations, tests and exams.","Obligātā/Obligatory: Level Three Leadership: Getting Below the Surface, fifth edition, James G. Clawson, 2011, 472 p. The 7 Habits of Highly Effective People by Stephen Covey, 1989, 381 p. Leaders Eat Last by Simon Sinek, 2014, 381 p. Papildu/Additional: The Five Dysfunctions of a Team by Patrick Lencioni, 2002, 229 p.",Bachelor degree.,detailed_pdf_available,https://studreg.rtu.lv/reg/pub/skr/pdf/37456/en/BS0051.pdf
BS0049,Corporate Governance,Compulsory/Courses of Limited Choice,6.0,"LV, EN","The study course provides an introduction to the legal principles that apply to corporate governance. Topics include the pillars of good corporate governance, applicable legislation, the structures of corporations and other limited liability organizations, the duties of directors and officers, and to whom such duties are owed, financial reporting responsibilities, the liabilities of directors and officers, the rights of shareholders, applicable security laws, how to reduce the risks of incurring personal liabilities including indemnification and insurance, cyberspace law and e-commerce, and governance issues underemployment, environmental and taxation laws.","The aim of the study course is to provide students with an understanding of corporate governance in the international and Latvian business environment and the role of the corporate director of prepared students in public institutions, public and private companies. The tasks of the study course: - to acquaint with social responsibility; - to develop skills in achieving social and economic goals.","Students do research independently for assigned topics, prepare and submit relevant reports. During the course students also independently analyze the cases and prepare the appropriate reports.","Obligātā/Obligatory: Monks, Robert A.G. and Nell Minow. Corporate Governance. New York: John Wiley & Sons, 2011, 544 p. ISBN-10: 0470972599 or ISBN-13: 978-0470972595. The Essential Book of Corporate Governance by G. N. Bajpai, 2016, 270 p Boards That Lead: When to Take Charge, When to Partner, and When to Stay Out of the Way by Michael Useem, 2013, 306 p. Corporate Governance Unlocked by Alison Dillon Kibirige and Winifred Mary Tarinyeba, 2019, 210 p.",Bachelor degree.,detailed_pdf_available,https://studreg.rtu.lv/reg/pub/skr/pdf/37447/en/BS0049.pdf
DE0741,Pedagogical Process. Basics,Compulsory/Courses of Limited Choice,6.0,"LV, EN","The theoretical foundations of the pedagogical process are mastered in the study course, as well as skills for organizing the pedagogical process are developed: the essence of the pedagogical process, components, regularities and principles. Styles of the pedagogical activity, their connection with learning outcomes, organization of pedagogical process and evaluation of pedagogical activity are considered.","The aim of the study course is to provide the necessary basic competencies for organizing the pedagogical process. Tasks of the study course: -to provide an understanding of the essence, regularities and principles of pedagogical work with adults; - to acquaint with different philosophies of adult education; - to improve knowledge of modern pedagogical values; - to teach didactic modelling and to independently create a continuing education course or a separate module.",The following independent works are planned for the acquisition of the study course: 1. literature studies; 2. case study; 3. creation of a map of concepts or ideas; 4. practical work for choosing teaching methods; 5. development of a pedagogical model of a practical study course / module / topic.,"Obligātā/Obligatory: Pedagogical and Psychological Sciences: Regularities and Development Trends: collective monograph. Riga; Wloclawek, Poland: Baltija Publishing, 2020. Professional Development and Pedagogical Excellence of Lecturers in Technical Sciences: scientific and pedagogic internship: august 3 - september 11, 2020. Riga: Baltija Publishing, 2020. Daniela L. (editor). Didactics of Smart Pedagogy: smart pedagogy for technology enhanced learning. Cham, Switzerland: Springer Nature Switzerland, 2019. Neil Selwyn.Should robots replace teachers? AI and the future of education.Cambridge, UK: Polity Press, 2019. Virtual reality in education: breakthroughs in research and practice. [edited by] Information Resources Management Association. Hershey, PA: Information Science Reference, 2019. Jurs P. Jauniešu pilsoniskās līdzdalības veicināšana pedagoģiskajā procesā, Liepāja, 2016. Ļemešonoka I. Skolēna karjeras vadības prasmju veidošanās vispārizglītojošās skolas pedagoģiskajā procesā. Rīga, 2017. E-mācību kursu materiāli pedagogu kompetences pilnveidei [elektroniskais resurss]: mācāmā priekšmeta kompetence, svešvalodu prasmes, vispārējā kompetence, e-mācību vide MOODLE skolā. Rīga: LU, 2013. Papildu/Additional: Robinson S. Handbook of research on critical thinking and teacher education pedagogy. Hershey PA: Information Science Reference, 2019. Frances R. Spielhagen, Nicole Speranzo. Pedagogy into practice: a handbook for new teachers. Charlotte, North Carolina: Information Age Publishing, Inc., 2019. Maslo I. No zināšanām uz kompetentu darbību. Mācīšanās antropoloģiskie, ētiskie un sociālkritiskie aspekti. Rīga.: LU Akadēmiskais apgāds,2006. Ņikiforovs O. Psiholoģija pedagogam. Rīga: Izglītības soļi, 2007. Curzon L.B. Teaching in Further Education.An Outline of Principles and Practice. - London: Cassel, 1997. Validation and Recognition of Experiential Learning. - Kaunas: Vytautas Magnus University, 2007.",Not necessary.,detailed_pdf_available,https://studreg.rtu.lv/reg/pub/skr/pdf/37449/en/DE0741.pdf
DE0643,Pedagogy,Compulsory/Courses of Limited Choice; Courses of Free Choice,3.0,"LV, EN","The study course acquaints with the subject and basic categories of research in the science of pedagogy. Different theories of pedagogy are considered, as well as current problems of pedagogy are described. Learning the content of the study course takes place in a close context of theory and practice. In order to ensure active learning, students are involved in group discussions, situation analysis, literature studies, presentations on a current pedagogical problem chosen by themselves or given by the lecturer. Thus, the link between theory and practice is also emphasized. Students evaluate the knowledge gained in theory in a specific pedagogical situation. The reflexive questions proposed by the teaching staff allow the student to deepen his understanding of the learning process, its basic elements and their mutual connection: the style of the teacher and learning motivation, cooperation in a pedagogical environment. Learning the content is organized in such a way that students improve their ability to cooperate, share experiences and exchange ideas.","The aim of the study course is to create an understanding of the science of pedagogy and its categories in the context of theory and practice, to encourage and motivate students for pedagogical activity. Tasks of the study course: - to create an understanding of the regularities of pedagogy, basic principles, basic categories of didactics; - to teach how to apply different teaching methods, forms of organization, analyse situations according to the principles of humanistic pedagogy, demonstrate her/his skills to see and characterize pedagogical problems, identify literature on the relevant problem and prepare an essay; - to teach to apply the knowledge and skills acquired in the study course, knowledge and theories approved in pedagogy at work and in communication; - to develop skills and desire to achieve higher results at work by motivating employees; - to teach how to involve everyone in decision-making and evaluations, to promote the search for methods to create a positive atmosphere in the collective, to improve the ability to act ethically, to develop oratorical and good speaking skills, to teach how to justify the motives of actions and to be able to form a positive attitude towards people, work, society; - to develop teaching skills and presentation skills, stimulate creative thinking.","1. Analysis of the situation. Descriptions of specific situations are given and videos are shown. It is necessary to analyse, using theoretical knowledge, to express one's opinion, to discuss with each other, to develop the ability to act, to make correct pedagogical decisions in different situations. 2. Practical work (1.) The student must be able to apply the theory to practice, giving specific examples that illustrate the principles of motivation, teaching and upbringing, discipline. It is necessary to understand their essence, applicability. 3. Practical work (2.) Concrete expected learning outcomes in one of the engineering sciences and natural sciences are given. The most pedagogically useful teaching method, the form of organization must be determined, it must be assessed by creating and substantiating one's own assessment system 4. Essay. Students select a topical pedagogical problem, prepare an essay, present it, discuss it with others.","Obligātā/Obligatory: 1. Mihno, l., Kiseļova, R., Malere, A., Mittenberga, L. Raksti izglītības attīstībai. Rīga: LU, 2025. 2. [Daniela, L., izd.] Cilvēks, tehnoloģijas un izglītības kvalitāte: rakstu krājums. Rīga: LU, 2024. 3. Neformālās izglītības piedāvājums darba ar jaunatni jomā Latvijā. Rīga: Latvijas Republikas Izglītības un zinātnes ministrija, 2024. 4. Šteinberga A.,(zin. red.). Skolotāja profesionālā identitāte: zinātniskā monogrāfija. Rīga: RTU, 2019. 5. Pedagogy and Teachers Education. Rīga: LU, 2018. 6. Namsone, D., Oliņa, Z. Kā vērtē kompleksu sniegumu. Mācīšanās lietpratībai. Rīga: LU Akadēmiskais apgāds, 2018. 7. Jurāne-Brēmane A. Formatīvā vērtēšana studiju procesā: promocijas darbs, 2018. 8. Brizga D. Darba un civilās aizsardzības kompetences veidošanās un attīstība studiju un darba vidē. Promocijas darba kopsavilkums. Jelgava, 2018. 9. Izaicinājumi pieaugušo izglītības kvalitātes pilnveidei: starptautiskās zinātniskās konferences rakstu krājums = Challenges for High Quality of Adult Education: International Scientific Conference: Conference Proceedings. Rīga: Latvijas Republikas Izglītības un zinātnes ministrija, 2017. Papildu/Additional: 1. Mūrnieks, A. Izglītības mērķi kultūras paradigmu maiņās. Rīga: RaKa, 2024. 2. Izprast, iesaistīties, iekļaut: rokasgrāmata. Rīga: Izglītības attīstības centrs, 2024. 3. Pedagoģija: teorija un prakse, XI. Izglītības kvalitātes dimensijas zināšanu sabiedrībā. Izglītība pārmaiņu izaicinājumu kontekstā: problēmas un risināumi: zinātnisko rakstu krājums. Liepāja: LiePa, 2022. 4. Boldiševa, M. Mācību video izmantošana pieaugušo interešu izglītībā. Jelgava, 2018. 5. [Čekse I. u.c.]. Pilsoniskās izglītības problēmas un izaicinājumi: starptautiskā pētījuma IEA ICCS 2016 pirmie rezultāti. Rīga, 2017. 6. Supervīzija: teorija, pētījumi, prakse: rakstu krājums. Rīga: RSU, 2017.","Basic knowledge of general psychology; understanding of cognitive processes, their meaning.",detailed_pdf_available,https://studreg.rtu.lv/reg/pub/skr/pdf/37089/en/DE0643.pdf
DE0729,Communication and Presentation Skills,Compulsory/Courses of Limited Choice,3.0,"LV, EN","The study course develops soft skills of the students to promote advanced interpersonal communication, abilities to work well in teams, manage time and get successfully and efficiently engaged in networking. The acquired skills are needed to attain higher levels of cognitive flexibility, enhance critical thinking skills, get involved in multiple interrelated and reciprocally amplifying creative activities, contributing to communicative acts leading to cross-fertilization of ideas and development of willingness to learn and act under pressure. Students master practical techniques to communicate and reinforce their message at various levels and in various contextual situations, allowing them to focus on their target audience needs and expectations. Students learn how to assess their performance critically, comprehend communicative and networking situations and context, learn to address the issues in different communicative modes. Students draw up reports, theses, summaries, organize and maintain debates and discussions on various popular scientific, as well as topical professional themes and subjects, etc.","The goal of the study course is to develop students' public speaking skills for seminar and conference presentations considering the criteria for successful presentations. Objectives of the study course: - to develop a set of students’ soft skills; - to develop students’ advanced interpersonal communication skills; - to improve students' competence to critically evaluate their own and other people performance; - to develop students’ networking skills; - to acquaint students with speech composition techniques, speech structure, psychological and persuasive aspects of speech; - to develop students’ ability to pass information to other people efficiently via different modes, - to help students attain higher level of cognitive flexibility; - to teach to format presentations in different ways: static visual (for overhead projector and PowerPoint), action visual (Video), mute (gesture, no sound), - to develop students’ ability to persuade, evaluate people, their performance and the situation; - to develop students’ stress and conflict management skills.","A report on a topical research issue in the selected field, portfolio of written tasks.","Obligātā:. / Obligatory: 1. Dionne, Jean-Philippe. Presentation Skills for Scientists and Engineers: the slide master /Jean-Philippe Dionne., ix, 130 lpp.: ilustrācijas; 25 cm 2. Theobald, Theo,. Develop your presentation skills: how to inspire and inform with clarity and confidence /Theo Theobald., xi,169 pages: ilustrācijas; 23 cm. 3. Patil, Shailesh. Handbook on public speaking presentation & communication skills: princiles & practices to create high impact presentations & meaningful conversations /Shailesh Patil., 92 lpp.: ilustrācijas; 23 cm 4. Bradbury, Andrew. Izcilas prezentācijas prasmes / Endrū Bredberijs; [no angļu valodas tulkojusi Liliāna Rodžere]. Rīga: Zvaigzne ABC, [c2008]., 139 lpp.: il.; 22 cm. 5. Kraģis, Indars,. Oratora meistarība: publiskās runas teorija un prakse /Indars Kraģis; atbildīgā redaktore Kristīne Lapiņa; ilustrācijas: Silvija Kraģe; vāka grafiskais noformējums: Margarita Stoka., 262, [1] lpp.: ilustrācijas, tabulas; 21 cm Papildu:. / Additional: 1. Wide, Peter. Mastering technical communication skills: a student's handbook /Peter Wide., ix, 106 lpp.: ilustrācijas; 24 cm 2. Carnegie, Dale,. The art of public speaking / Dale Carnegie; with a foreword by Dr. Grenville Kleiser of Yale University. Paramount, CA: EBK Books, 2015., 312 lpp. 3. Zanders, Edward D.. Presentation skills for scientists: a practical guide /Edward Zanders, PharmaGuide Ltd, Lindsay MacLeod., xii, 80 lpp.: ilustrācijas; 23 cm 4. Milēviča, Inga. Veiksmes retorika / Inga Milēviča; recenzenti: Dr.philol. Dite Liepa, Dr.sc.soc. Renāte Cāne., 253 lpp.: diagrammas, ilustrācijas, tabulas; 25 cm","English language skills at level B2 according to CEFR, if the study course is acquired in English.",detailed_pdf_available,https://studreg.rtu.lv/reg/pub/skr/pdf/37366/en/DE0729.pdf
DE0744,Master Thesis,Graduation Test,30.0,"LV, EN","The master thesis is author’s original research, where methods, models, techniques and prototypes applicable for solving tasks in the field of business informatics are analytically or experimentally assessed and/or integrated and/or designed..","The purpose of the master thesis is to give students an opportunity to apply their knowledge and skills in the field of scientific research in order have firm grounding for post graduate studies; to further develop their competence in decision making, problem identification, analysis, and solving, as well as to promote creativity and sharpen professional discussion and presentation skills.",,"Obligāti/Mandatory 1. Paul Johannesson and Erik Perjons, An Introduction to Design Science, Springer, 2021 2. A. Anohina-Naumeca. Norādījumi studiju noslēguma darbu noformēšanai. Rīga: RTU Izdevniecība, 2021. 34 lpp. ISBN 978-9934-22-696-0, Pieejams: https://ebooks.rtu.lv/product/noradijumi-studiju-nosleguma-darbu- noformesanai Ieteicams/Optional How to Organize your Thesis http://www.sce.carleton.ca/faculty/chinneck/thesis.html",,detailed_pdf_available,https://studreg.rtu.lv/reg/pub/skr/pdf/37452/en/DE0744.pdf
DE0802,Introduction to Digital Humanities,Compulsory/Courses of Limited Choice,6.0,"LV, EN","The study course provides an introduction to the research field of digital humanities (“DH”), where humanistic inquiry meets digital technology. We will investigate the emerging field of digital humanities by examining the activities, platforms, tools, projects, and critical perspectives that constitute its current core practices. The study course will explore such conceptual issues as digital mapping, text analysis, information visualization, interface and metadata and network analysis. On the completion of the study course, the students will become familiar with the main concepts and various digital tools applicable to conduct research in the given field. Discussions and workshops assume no prior knowledge of the field or pre-existing technical or linguistic and/or social competencies.","The aim of the study course is to teach the students key terms and concepts of the research field of digital humanities. The tasks of the study course: • to develop student skills to think across the disciplines, media and technologies; • to develop student competence to interrogate digital, visual, and multi-modal information; • to provide students with information on the basic tools applicable within the given field; • to acquaint students with the stages of digital project elaboration; • using digital methods, to develop student skills to think critically in order to formulate humanities related tasks; • to provide students a hands-on experience of developing a digital scholarly project.","Within the final project, a student is required to work individually or with a group to create a web-based mini-site that explores and analyses a dataset from multiple angles.","Obligātā. / Obligatory: 1. JOHANNA DRUCKER. INTRODUCTION TO DIGITAL HUMANITIES Concepts, Methods, and Tutorials for Students and Instructors Concepts, Methods, and Tutorials for Students and Instructors 2. Drucker, Johanna,. The digital humanities coursebook: an introduction to digital methods for research and scholarship /Johanna Drucker., xiii, 237 lpp.: diagrammas, ilustrācijas, tabulas; 24 cm 3. Grudin, J.. Human-computer interaction In B. Cronin (Ed.), Annual Review of Information Science & Technology (ARIST), vol. 45, pp. 369-430 Medford, NJ: Information Today, for ASIS&T 4. Doing more digital humanities: open approaches to creation, growth, and development /edited by Constance Crompton, Richard J. Lane, and Ray Siemens., xvi, 333 lpp.: faksimili, ilustrācijas; 24 cm 5. Dobson, James E.. Critical digital humanities: the search for a methodology /James E. Dobson., xiv, 175 lpp.: ilustrācijas; 23 cm. 6. Starpdisciplinārās akadēmiskās jomas digitālās humanitārās zinātnes aizsākumi Latvijā / Sanita Reinsone, Marina Platonova, Tatjana Smirnova, Zane Seņko Papildu. / Additional: 1. Stuart Dunn. A History of Place in the Digital Age Taylor & Francis Ltd, 2020 2. Ramesh Srinivasan and Jessica Wallack. Local-Global: Reconciling Mismatched Ontologies HICSS 3. Kārkla, Z., & Eglāja-Kristsone, E. Liriskās ģeogrāfijas: Literārās telpas kartēšana latviešu rakstnieču romānos un īsprozā. Letonica, 47, 104–127, 2022. https://doi.org/10.35539/LTNC.2022.0047.Z.K.E.E.K.104.127 4. Bowker, G. C. and S. L. Star. Sorting Things Out: Classification and Its Consequences Cambridge, Mass./London, The MIT Press 5. Duarte, Marisa Elena, and Miranda Belarde-Lewis. Imagining: Creating Spaces for Indigenous Ontologies Cataloging & Classification Quarterly 53, Taylor & Francis 6. Yau, Nathan. Data Points: Visualization That Means Something ndianapolis, IN: John Wiley & Sons 7. Krug, Steve. Don’t Make Me Think!: A Common Sense Approach to Web Usability. Berkeley, Calif: New Riders Pub 8. Scott Weingart. “Demystifying Networks, Parts I & II,” Journal of Digital Humanities1:1 Winter 9. Franco Moretti. Network Theory, Plot Analysis Stanford Literary Lab Pamphlet No. 2, 10. David Berry. The Computational Turn: Thinking About the Digital Humanities Culture Machine 12, (2011) http://www.culturemachine.net/ index.php/cm/article/viewDownloadInterstitial/440/470 11. C. Sperberg-McQueen. Classification and its Structures A Com - panion to Digital Humanities, ed. Schreibman et al Oxford: Blackwell, 2004 12. Stephen Ramsay. Databases A Companion to Digital Humanities, ed. Schreibman et al Oxford: Blackwell, 2004 13. Lauren Klein. The Image of Absence: Archival Silence, Data Visualiza - tion, and James Hemings American Literature 85, no. 4 14. Kirschenbaum, Matthew G.. So the Colors Cover the Wires’: Interface, Aesthetics, and Usability A Companion to Digital Humanities, ed - ited by Susan Schreibman, Ray Siemens, and John Unsworth, 523–42. Malden, MA: Blackwell, 2004 15. Catherine Plaisant and Ben Schneiderman. Designing the User Interface: Strategies for Effective Human- Computer Interaction Boston: Pearson Higher Education 16. Johanna Drucker. Theory as Praxis: The Poetics of Electronic Textuality Modernism/modernity 9, no. 4 (2002): 683–91 17. Natalia Cecire. Introduction: Theory and the Virtues of Digital Humanities Journal of Digital Humanities, March 9, 2012 18. Debates in the digital humanities / Matthew K. Gold and Lauren F. Klein, editors., xv, 579 lpp.: ilustrācijas; 26 cm 19. Data analytics in digital humanities / Shalin Hai-Jew, editor. Cham: Springer, 2017., xxii, 295 lpp.: ilustrācijas. 20. Doing digital humanities: practice, training, research /edited by Constance Crompton, Richard J. Lane and Ray Siemens., xxxv, 408 lpp.: diagrammas, ilustrācijas, tabulas; 25 cm 21. Switching codes: thinking through digital technology in the humanities and the arts /edited by Thomas Bartscherer and Roderick Coover. Chicago; London: University of Chicago Press, 2011., 333 lpp., [100] lpp. iel.: il., tab.; 23 cm. 22. Król, Karol. Digital Heritage: reflection of our activities /Karol Król, Józef Hernik., 116 lpp.: ilustrācijas; 24 cm 23. Humanitāro Un Mākslas Zinātņu Digitālās Platformas Vietu Datubāze. Vietas [Locations]. (n.d.). https://humma.lv/lv/place/index",Discussions and workshops assume no prior knowledge of the field or preexisting technical or linguistic and/or social competencies.,detailed_pdf_available,https://studreg.rtu.lv/reg/pub/skr/pdf/37594/en/DE0802.pdf
DE0717,Artificial Intelligence in Humanities,Compulsory/Courses of Limited Choice,3.0,"LV, EN","Artificial intelligence is a sub-field of computer science that deals with the design and development of computer systems that possess characteristics (ability to solve problems, represent knowledge, infer, learn, etc.) related to the intelligence in human behaviour. Today, the development of methods, technologies, and applications of artificial intelligence is very rapid in the engineering fields and the humanities and social sciences. Conversational bots, product recommendation systems, news bots, virtual assistants, neural network-based medical diagnosis, emotionally intelligent tutoring systems, digital art, and the classification of cultural heritage images in digital libraries are just a few examples of existing solutions. Such a rapidly growing role of artificial intelligence in the modern and future society emphasizes the demand for academically educated professionals who have mastered the fundamentals of artificial intelligence, know its perspectives and have experience in solving the tasks of artificial intelligence to cope with the variety of challenges facing finance professionals, education and medical staff, museum and library staff, etc. This study course focuses on the construction of a problem state space graph and searching for a problem solution using uninformed and heuristically informed search algorithms (search), representation of knowledge about problems with different knowledge representation schemes (knowledge representation), the discovery and generalization of past data models to apply them to new data in tasks such as classification, predicting, finding data similarities and others (machine learning), as well as the basics of natural language processing and computer vision. The methods to be mastered in the study course are demonstrated by looking at examples of their application in the humanities and social sciences. The practical assignment on knowledge representation allows students to train in problem knowledge presentation and apply the tools developed for this purpose in practice. The practical assignment related to the selection, analysis and processing of a dataset ensures the strengthening of knowledge in machine learning. The study course uses a flipped-classroom approach: students independently study the study materials available in the e-study course, devoting lecture time to solving practical tasks working in pairs or small groups. The practical tasks offered in the lectures can be solved both manually and using freely available computer tools for specific tasks.","The goal of the study course is to create a students' knowledge system on artificial intelligence methods for solving the humanities and social sciences problems and develop basic skills to apply these methods in solving real-world problems. The study course covers the methods of search, knowledge representation, machine learning, natural language processing and computer vision. The tasks of the study course are to develop: a) students 'understanding of the concepts of artificial intelligence, search, machine learning, knowledge representation, natural language processing and computer vision, and b) students' skills to represent problems with the state space graph and solve them by implementing search algorithms, to use several supervised and unsupervised machine learning algorithms, to represent domain knowledge using several knowledge representation schemes, and to use tools for natural language processing and computer vision.",The students' independent studies include: 1. Mastering study materials available in the e-study course before lectures to prepare for practical tasks during lectures. 2. The independently completed first practical assignment which envisages the representation of the knowledge of the defined problem using the tools offered by the lecturer. Assignment requirements are available in the e- learning course. 3. The independently completed second practical assignment which envisages the use of machine learning algorithms for the dataset independently chosen by the student. Assignment requirements are available in the e- learning course. 4. Research essay on the topic chosen by the student. Assignment requirements are available in the e-learning course. 5. Completing self-assessment tests and training tasks (given with the correct solutions) available in the e-study course in preparation for the tests and the final exam.,"Obligātā. // Obligatory: 1. Rothman, Denis. Artificial intelligence by example: acquire advanced AI, machine learning, and deep learning design skills /Denis Rothman., [6], xxi, 549 lpp.: ilustrācijas; 24 cm 2. Martin, Kirsten. Ethics of data and analytics: concepts and cases /Kirsten Martin., xvii, 473 lpp.: ilustrācijas; 26 cm 3. Artificial Intelligence in Higher Education and Scientific Research: future development /Fatima Roumate, editor., xii, 146 lpp.: ilustrācijas; 24 cm. 4. Barkāne, Irēna. Cilvēktiesību nozīme mākslīgā intelekta laikmetā: privātums, datu aizsardzība un regulējums masveida novērošanas novēršanai: monogrāfija /Irēna Barkāne; recenzenti: Dr. Alesandro Mantelero, Dr.iur. Uldis Ķinis; makets un vāka dizains: Baiba Lazdiņa., 327 lpp.; 25 cm 5. Šneps, Manfrēds,. Mākslīgais intelekts un kiberdraudi: sabiedriskās lietas, kara lietas, medicīna /Manfreds Šneps-Šneppe; atbildīgā redaktore Santa Kugrēna; maketētājs Ivars Vimba; priekšvārds: Jānis Bārzdiņš., 200 lpp.: diagrammas, ilustrācijas, tabulas; 24 cm 6. Mining, Ethem. Machine Learning: this book includes: Basic concepts + artificial intelligence + Python programming + Python machine learning: a comprehensive guide to build intelligent systems using Python libraries and advanced features /by: Ethem Mining., 494 lpp.: ilustrācijas; 24 cm 7. Ertel W., Black N.T. Introduction to Artificial Intelligence Springer, 2018 Papildu. // Additional 1. Burgess, M.. Artificial Intelligence (WIRED Guides) Random House, 2021 2. Gary Greenfield, Juan Romero, Penousal Machado (Eds). Artificial Intelligence and the Arts Computational Creativity, Artistic Behavior, and Tools for Creatives Springer International Publishing, 2021 3. Berg, G.A.. Transformative Arts Biological, Digital, and Everyday Aesthetics Rowman & Littlefield Publishers, 2024 4. Moussa Pourya Asl, Pantea Keikhosrokiani (Eds). Handbook of Research on Artificial Intelligence Applications in Literary Works and Social Media IGI Global, 2022","Students must know the characteristics and processing principles of different data structures such as lists, stacks and queues, sets and set operations, relations, their types and characteristics, basic concepts of graph theory and particular graph types - trees and networks. Additionally, the students should have knowledge of mathematics (linear and logistic functions, operations with matrices and vectors).",detailed_pdf_available,https://studreg.rtu.lv/reg/pub/skr/pdf/37354/en/DE0717.pdf
DE0815,Study Design and Implementation,Compulsory/Courses of Limited Choice,3.0,"LV, EN","The study course is intended for students of the master's study programme of the Faculty of E-study Technologies and Humanities. The study course covers the following topics: research organization in modern countries; interdisciplinary and transdisciplinary research; research and development of information systems; research trends in modern countries in the digital age, as well as research objectives, planning and reporting on research results.","The aim of the study course is to develop students' knowledge of research methods: research paradigms, research development history, research policy, research in the industrial and digital age. Tasks of the study course: 1. To develop students' ability to describe the recommended types of research in industrial age situations; to describe the recommended types of research in the situations of the knowledge society; 2. To develop students' competence to recommend a research plan in research areas where theory is recognized; to recommend a research plan in research areas where the theory is not recognized; to prepare a research plan for interdisciplinary research; 3. To develop students' ability to prepare a research plan for transdisciplinary research and to identify research gaps in development projects.",To characterize the research methods chosen scientific publications. Prepare authorized research project application for the selected theme. Analyse known development project results and identify gaps / weaknesses in project research / development activities.,"Obligātā. / Obligatory: 1. John W.Creswell. Research design, Qualitative, Quantitative, and Mixed Methods Approaches London, New Delhi, Sage Publications, 2022 2. Rita C.Richey, James D.Klein. Design and development research Mahwah, New Jersey, London, Lawrence erlbaum associates, publishers, 2007 3. Pētniecība: teorija un prakse / Kristīnes Mārtinsones, Anitas Piperes, Daigas Kamerādes zinātniskajā redakcijā; [recenzenti: Juris G. Draguns, Ģirts Dimdiņš; redaktore Gunta Tramdaka; dizains: Baiba Lazdiņa]. Rīga: RaKa, ©2016., 546 lpp.: portreti, shēmas, tabulas; 23 cm. 4. Zinātniskās darbības metodoloģija: starpdisciplināra perspektīva: kolektīvā monogrāfija /K. Mārtinsones un A. Piperes zinātniskajā redakcijā; recenzenti: Dr.habil.oec. Baiba Rivža, Ph.D. Juris Dragūns, Dr.med. Ieva Reine; literārā redaktore Inta Rozenvalde; vāka mākslinieks Modris Brasliņš; Rīgas Stradiņa universitāte., 607 lpp.: ilustrācijas, portreti, shēmas, tabulas; 25 cm 5. Veikša, Ingrīda,. Autortiesības digitālajā laikmetā: monogrāfija /Ingrīda Veikša; recenzenti: Dr.iur. Jānis Grasis, Dr.iur. Vladas Tumalavičius., 457 lpp.; 20 cm. 6. Zinātniskās darbības metodoloģija: starpdisciplināra perspektīva: kolektīvā monogrāfija /K. Mārtinsones un A. Piperes zinātniskajā redakcijā; recenzenti: Dr.habil.oec. Baiba Rivža, Ph.D. Juris Dragūns, Dr.med. Ieva Reine; literārā redaktore Inta Rozenvalde; vāka mākslinieks Modris Brasliņš; Rīgas Stradiņa universitāte., 607 lpp.: ilustrācijas, portreti, shēmas, tabulas; 25 cm Papildu. / Additional: 1. John Atkinson and Malcolm Crowe. Interdisciplinary Research Diverse Approaches in Science, Technology, Health and Society Hong Kong, John Wiley&Sons, Ltd, (2006) 2. Vijay K.Vaishnavi, William Kuechler Jr.. Design Science Research Methods and Patterns, Innovating Information and Communication Technology New York, Auerbach Publications, (2008) 3. Citi informācijas avoti:. / Other sources of information: 4. G.Hirsch Hadorn, H.Hoffmann-Riem, S.Biber-Klemm, W.Grossenbacher-Mansuy, D.Joye, C.Pohl, U.Wiesmann, E.Zemp. Handbook of Transdisciplinary Research Berne, Springer, (2007) 5. Kristapsone, Silvija,. Statistiskās analīzes metodes pētījumā / Silvija Kristapsone., 477 lpp.: diagrammas, ilustrācijas, tabulas; 20 cm. 6. Tang, He. Engineering Research: design, methods, and publication /Herman Tang., xxiv, 392 lpp.: ilustrācijas; 24 cm 7. Towsey, David. Cambridge International AS & A Level Global Perspectives & Research: coursebook /David Towsey., vi, 230 lpp.: ilustrācijas; 28 cm",Bachelor degree.,detailed_pdf_available,https://studreg.rtu.lv/reg/pub/skr/pdf/37608/en/DE0815.pdf
DE0823,Digital Discourse Studies,Compulsory/Courses of Limited Choice,3.0,"LV, EN","The present study course is intended to provide an interdisciplinary perspective on the nature of language in the digital era. Within the framework of the given study course new media technologies including instant messaging, text messaging, blogging, photo-sharing, mobile phones, gaming, social network sites, and video sharing are considered for multimodal information encoding and transfer both monolingually and multilingually. The role of the communicative context is emphasized, as well as its types (journalism, tourism, leisure, performance, public debate, etc.), participants of the communicative act (professional and lay, young people and adults, individuals, and groups) and languages of communication are considered. The study course covers a range of topics including genre, style, stance, language ideology, and multimodality. Hands-on practical work with texts in the digital environment constitutes an important part of the study course.","The aim of the study course is to familiarize students with the range of theories on discourse studies, developing their practical analytical skills and introducing methodologies for analysing spoken, written and visual texts of different genres. The tasks of the study course: • to introduce students to different approaches to discourse analysis; • to develop students’ understanding of the structure and organization of a range of multimodal, multimedial interdisciplinary text types, both spoken and written; • to advance students’ skills in performing diverse textual analysis at different levels, including rhetorical, lexico- semantic, grammatical and pragmatic; • to develop students’ capacity to identify applications of discourse analysis theories in contemporary communication studies; • to improve students’ competence to analyse the instances of meaning-making capabilities of multimodality for academic, professional, and community audiences within the framework of different contexts; • to develop students' skills in working with digital text processing tools (Python, sentiment analysis software, etc.).","The analysis of multiple texts from different perspectives. The focus is on the identification of text creating patterns, meaning encoded at different text layers and labelling of text structures. Students are demanded to demonstrate the ability to write a descriptive account of the analysis and to explain how discourse analysis contributes to a better understanding of interdisciplinary communication phenomena in different contexts.","Obligātā. // Obligatory: 1. Rockwell, Geoffrey,. Hermeneutica: computer-assisted interpretation in the humanities /Geoffrey Rockwell and Stéfan Sinclair., viii, 246 lpp.: diagrammas, ilustrācijas; 24 cm 2. Corpus Linguistics and Translation Tools for Digital Humanities: research methods and applications /edited by Stefania M. Maci, Michele Sala., xii, 227 lpp.: tabulas; 24 cm 3. Everett, Daniel Leonard,. Valoda - kultūras instruments / Daniels Everets; tulkotāja Ina Druviete; zinātniskā un literārā redaktore Sanda Rapa; zinātniskais konsultants Uldis Ivars Jānis Balodis; vāka dizaina autore Vanda Voiciša., 278 lpp.: ilustrācijas; 21 cm 4. Apsalons, Edmunds. Konstruktīvā komunikācija: prasme veidot dialogu /Edmunds Apsalons; vāka dizaina autors Aigars Truhins; redaktore Jana Boikova; maketētāja Dace Polkmane., 304 lpp.; 22 cm 5. Jewitt, Carey. Introducing multimodality / by Carey Jewitt, Jeff Bezemer and Kay O'Halloran. Milton Park, Abingdon, Oxon; New York, NY: Routledge, 2016., x, 219 lpp.: ilustrācijas. 6. Markus, Dace,. Ievads runas un rakstu kultūrā / Dace Markus, Anna Vulāne; recenzente Dr.paed. Elita Stikute; vāka dizainu veidojusi Baiba Lazdiņa; Latvijas Universitāte. Pedagoģijas, psiholoģijas un mākslas fakultāte., 63 lpp.: karte, tabulas; 30 cm. 7. Discourse studies: a multidisciplinary introduction /edited by Teun A.van Dijk. Los Angelos: Sage, 2011., xviii, 414 lpp.: il. 8. McKinney, Wes. Python for data analysis: data wrangling with pandas, NumPy, and Jupyter /Wes McKinney., xvi, 561 lpp.: ilustrācijas; 24 cm Papildu. // Additional: 1. Johnstone, Barbara,. Discourse analysis / Barbara Johnstone. Malden, MA: Blackwell Pub., 2008., xvii, 311 lpp.: il.; 25 cm. 2. Fairclough, Norman,. Analysing discourse: textual analysis for social research /Norman Fairclough. London; New York; Routledge, 2003., vii, 270 lpp. 3. Data analytics in digital humanities / Shalin Hai-Jew, editor. Cham: Springer, 2017., xxii, 295 lpp.: ilustrācijas. 4. Otung, Ifiok. Digital communications: principles and systems /Ifiok Otung., xv, 497 lpp.: ilustrācijas; 26 cm. 5. Gardiner, Eileen. The digital humanities: a primer for students and scholars /Eileen Gardiner and Ronald G. Musto., xiii, 273 lpp.: ilustrācijas; 23 cm 6. A new companion to digital humanities / edited by Susan Schreibman, Ray Siemens, and John Unsworth., xviii, 567 lpp.: ilustrācijas, tabulas; 25 cm. 7. Dixit, Rituraj. Data Analysis with Python: introducing NumPy, Pandas, Matplotlib, and essential elements of Python programming /Rituraj Dixit., xviii, 258 lpp.: ilustrācijas; 24 cm 8. Fedkins, Oļegs.. Python valodas integrācijas analīze ar.NET platformu / O.Fedkins, P.Rusakovs 9. Bratarčuks, Sergejs,. MOODLE LMS virtuālās programmēšanas laboratorijas izmantošana ar programmēšanu saistītu studiju kursu izglītības individualizēšanai = Application of MOODLE LMS Virtual Programming Laboratory for Education Individualization of Programming-Related Courses/ Sergey Bratarchuk, Aleksejs Dolgovs",Not required.,detailed_pdf_available,https://studreg.rtu.lv/reg/pub/skr/pdf/37617/en/DE0823.pdf
DE0811,Rhetorical Skills and Strategies,Compulsory/Courses of Limited Choice; Courses of Free Choice,3.0,"LV, EN","Traditional rhetoric has developed a set of rules, approaches, strategies and methods that are used to achieve a certain communicative purpose. The main postulates of rhetoric are invention, style, arrangement, delivery and memory. Modern multimodal professional texts are characterized by the application of both classical rhetorical strategies used to structure the content and rhetorical strategies characteristic of other genres to make the process of knowledge exchange more persuasive and expressive. The study course is developing students’ communicative competence to become successful communicators, mediators and quality content creators. Advanced rhetorical skills are a precondition for successful public, political, academic, and pedagogical activities.","The aim of the study course is to develop students’ rhetorical skills to ensure they can maintain and lead the discussion, explain and substantiate their point of view, prove the hypothesis selecting the relevant data, use a wide range of language resources masterfully and persuasively. Tasks of the study course: 1. to advance students' skills to argumentatively promote one’s point of view; 2. to expand students' range of language resources used in oral and written scientific and technical discourse; 3. to promote students' analytical and critical thinking abilities.","During the study course students have to conduct rhetorical text analysis, prepare and deliver presentations, participate in discussions and debates proving their abilities to masterfully use language resources. Students have to submit two essays for assessment.","Obligātā. / Obligatory: 1. Herrick, James. The History and Theory of Rhetoric: an introduction /by James Herrick., 100, [1] lpp.; 26 cm. 2. Cīrule, Katrīna. Pārliecinošas runas ceļvedis: palīgs ikvienam, kurš vēlas prezentēt sevi un savas idejas spilgti un atmiņā paliekoši /Katrīna Cīrule; redaktore Aiga Veckalne; maketētāja Lilija Rimicāne; ilustrāciju un vāka dizaina autore Beatrise Birina., 247 lpp.: ilustrācijas; 22 cm 3. Cīrule, Katrīna. Pārliecinošas runas ceļvedis: palīgs ikvienam, kurš vēlas prezentēt sevi un savas idejas spilgti un atmiņā paliekoši /Katrīna Cīrule; redaktore Aiga Veckalne; maketētāja Lilija Rimicāne; ilustrāciju un vāka dizaina autore Beatrise Birina., 247 lpp.: ilustrācijas; 22 cm 4. Milēviča, Inga. Veiksmes retorika / Inga Milēviča; recenzenti: Dr.philol. Dite Liepa, Dr.sc.soc. Renāte Cāne., 253 lpp.: diagrammas, ilustrācijas, tabulas; 25 cm 5. Everett, Daniel Leonard,. Valoda - kultūras instruments / Daniels Everets; tulkotāja Ina Druviete; zinātniskā un literārā redaktore Sanda Rapa; zinātniskais konsultants Uldis Ivars Jānis Balodis; vāka dizaina autore Vanda Voiciša., 278 lpp.: ilustrācijas; 21 cm 6. Gross, Alan G.. Starring the text: the place of rhetoric in science studies /Alan G. Gross. Carbondale: Southern Illinois University Press, ©2006., x, 216 lpp.: ilustrācijas; 23 cm. 7. Eyman, Douglas. Digital rhetoric: theory, method, practice /Douglas Eyman. Ann Arbor: University of Michigan Press, 2015., 163 lpp.; 24 cm. 8. Kraģis, Indars,. Oratora meistarība: publiskās runas teorija un prakse /Indars Kraģis; atbildīgā redaktore Kristīne Lapiņa; ilustrācijas: Silvija Kraģe; vāka grafiskais noformējums: Margarita Stoka., 262, [1] lpp.: ilustrācijas, tabulas; 21 cm Papildu. / Additional: 1. Crick, N. (ed). The Routledge Handbook of Rhetoric and Power Taylor & Francis, 2024 2. Jasinski, James. Sourcebook on Rhetoric: Key Concepts in Contemporary Rhetorical Studies. USA: Sage Publications, 2001 3. Bhatia, Vijay. Analysing genre: Language use in professional setting. Routledge, 2014 4. Higgins, Colin & Walker, Robin. Ethos, logos, pathos: Strategies of persuasion in social/environmental reports. Accounting Forum, 36(3), 194–208, 2012 5. Ornatowski, Cezar. Rhetoric of science:Oxymoron or tautology? Special issue: writing and science. The Writing Instructor, 1–15. Available at: http://files.eric.ed.gov/fulltext/EJ824640.pdf. 6. Martin, James. Politics and rhetoric: A critical introduction. NY: Routledge, 2013. 7. Trimble, Louis. English for science and technology, a discourse approach. GB: CUP, 1985. 8. Smith, C. R. Rhetoric and Human Consciousness: A history. USA: Waveland Press, 2013. 9. Kramiņš, Edgars,. Retorikas rokasgrāmata: runāsim skaidri, spilgti, iedarbīgi! /Edgars Kramiņš; [zinātniskā konsultante Ausma Špona; grāmatas vāka autors Kārlis Blūms; fotogrāfs Andris Tone]. Rīga: Biznesa augstskola ""Turība"", 2016 (Jelgavas tipogrāfija), 624 lpp.: ilustrācijas, shēmas, tabulas; 21 cm. 10. Iļinska, Larisa,. Rhetoric of Science: Strategic Use of Language / Larisa Iļinska, Oksana Ivanova, Zane Seņko","English language skills at level B2 according to CEFR, if the study course is acquired in English.",detailed_pdf_available,https://studreg.rtu.lv/reg/pub/skr/pdf/37603/en/DE0811.pdf
DE0714,Interdisciplinary Semiotics,Compulsory/Courses of Limited Choice; Courses of Free Choice,3.0,"LV, EN","The study course is aimed at students who will conduct research in some aspects of semiotics. Currently, semiotics is one of the most rapidly developing branches, which creates a scientific approach to the study of language incorporating the study of sign processes and meaningful communication, computer science and engineering. The study course in interdisciplinary semiotics explores the study of signs and symbols as a significant part of communications. Along with an introduction to the kinds of methodologies available to modern semiotic science, the study course also includes a survey of major theories about human cognition and communication.",The aim of the study course is to provide a comprehensive introduction to semiotics accessible for post-graduate students at the university level. Objectives of the study course: 1. to develop students' understanding of different issues of semiotics 2. to raise students' language awareness with the focus on linguistic and non-linguistic semiotic systems; 3. to develop students' skills to investigate the relationship between language and different sign systems.,During the study course students draw up and submit a report on a topical issue in the field of semiotics.,"Obligātā. / Obligatory: 1. Chandler, Daniel. Semiotics. The Basics. London: Routledge, 2017 2. Fiske, John. Introduction to Communication Studies. UK: Routledge, 2010 3. Chandler, Daniel. Semiotics for Beginners http://visual-memory.co.uk/daniel/Documents/S4B/ 4. Paolucci, Claudio. Cognitive Semiotics: integrating signs, minds, meaning and cognition /Claudio Paolucci., xiv, 157 lpp.: ilustrācijas; 24 cm. 5. Kruks, S. Semiozes izpratne latviešu avotos: valodnieku un mākslas zinātnieku zīmes koncepciju kritika Letonika 23, 2013 6. Mūsdienu arhitektūras vieta kultūras mantojuma saglabāšanā: starptautiska zinātniska konference, Rīga, 29.- 30. maijs: referātu un prezentāciju kopsavilkumi /izdevuma sastādīšana: Agate Pudāne; rediģēšana: Linda Zonne-Zumberga; dizains: Sandra Betkere; [ievads], vāka foto: Juris Dambis., 143 lpp.: ilustrācijas; 21 cm 7. Jewitt, Carey. Introducing multimodality / by Carey Jewitt, Jeff Bezemer and Kay O'Halloran. Milton Park, Abingdon, Oxon;New York, NY:Routledge,2025., x, 219 lpp.: ilustrācijas. Papildu. / Additional: 1. Berger, Arthur A. The Objects of Affection Semiotics and Consumer Culture. USA: Palgrave Macmillan, 2010 2. Armstrong, David. F. Original Signs: Gestures, Signs, and the Sources of Language. USA: Gallaudet University Press, 2002 3. Burke, Sean. The Death and Return of the Author: Criticism and Subjectivity in Barthes, Foucault and Derrida. UK: Edinburgh University Press, 2008 4. Eco, Umberto. The Limits of Interpretation Advances in Semiotics. USA: Indiana University Press, 1991 5. Lotman, Yuri. Universe of the Mind A Semiotic Theory of Culture. GB: Indiana University Press, 2001 6. Danesi, Marcel,. The Semiotics of Emoji: the rise of visual language in the age of the Internet /Marcel Danesi., viii, 197 lpp.: ilustrācijas, tabulas; 22 cm. 7. Barthes, Roland,. Mythologies / Roland Barthes; translated from the French by Richard Howard [and] Annette Lavers. New York: Hill and Wang, 2013., xii, 274 lpp.: ilustrācijas; 21 cm. 8. Smirnova, Tatjana.. Terminoloģijas jautājumi fonosemantikas nozarē / Tatjana Smirnova 9. Danesi, Marcel,. The Semiotics of Emoji: the rise of visual language in the age of the Internet /Marcel Danesi., viii, 197 lpp.: ilustrācijas, tabulas; 22 cm.","English language skills at level B2 according to CEFR, if the study course is acquired in English.",detailed_pdf_available,https://studreg.rtu.lv/reg/pub/skr/pdf/37351/en/DE0714.pdf
DE0806,Introduction to Big Data Analytics,Compulsory/Courses of Limited Choice; Courses of Free Choice,6.0,"LV, EN","The study course is to provide basic knowledge on Big Data, comprising sources of Big Data inside or outside the organization, problem identification related to Big Data storage and processing, most commonly used analysis methods and software tools supporting the analysis. Thereby after finishing the study course students will be able to describe the main sources of Big Data, and the main qualities of Big Data that makes them “big”, including their amount, change velocity, complexity and an extra value for a given organization through analysis and proper use of Big Data.","The aim of the study course is to acquaint students with the problems of bulk data analysis, their sources and main methods, which allows acquiring knowledge through the application of appropriate data analysis methods. The tasks of the study course are to provide: - knowledge and skills to recognize the problems of bulk data; - knowledge about the problems of bulk data processing and their sources; - knowledge and skills for the application of bulk data analysis methods; - knowledge and skills for the selection and application of software; - knowledge and skills for the presentation of data analysis results.","The examinations of the study course focus on four individual homework and a final examination. Homework is intended for individual performance with a computer, using software tools available within the study course.","Obligātā. // Obligatory 1. S.Suthaharan. Machine Learning Models and Algorithms for Big Data Classification: Thinking with Examples for Effective Learning (paredzētais izdošanas datums) November 4, 2017 2. Mike Malmgren, Atal Malviya. Creating Value from Big Data: Unlocking the Potential of Unstructured Data (paredzētais izdošanas datums) September 7, 2017 3. Douglas Eadline, Casey Stella, Ofer Mendelevitch. Practical Data Science with Hadoop and Spark: Designing and Building Effective Analytics at Scale (Addison-Wesley Data & Analytics) 1st edition December 22, 2016 Papildu. // Additional 1. Tominski, Christianm. Interactive visual data analysis / Christian Tominski, Heidrun Schumann., xvii, 345 lpp.: ilustrācijas; 24 cm. 2. Geng, Hwaiyu. Internet of things and data analytics handbook / edited by Hwaiyu Geng, Amica Research, Palo Alto, CA, USA.., xxx, 757 lpp.: ilustrācijas; 24 cm 3. Mosāns, Guntis,. Big Data-Based Solutions for Sustainable Digital Services: Evaluation of Research Methods / Guntis Mosans, Janis Kampars","Mathematics, programming fundamentals.",detailed_pdf_available,https://studreg.rtu.lv/reg/pub/skr/pdf/37598/en/DE0806.pdf
DE0820,Introduction to Humanities and Social Science,Compulsory/Courses of Limited Choice; Courses of Free Choice,3.0,"LV, EN","Humanities are academic disciplines that study aspects of human society and culture. Humanities and social sciences deal with conceptualizing, processing and documenting human experience within the framework of such disciplines as philosophy, law, literature, religion, art, music, history, and linguistics. The study course is envisioned for the engineering Master students. Within the curriculum of the study course, multiple research methods of Humanities are employed to study the development, functioning, applications and social and cultural engagements of the sciences. Students learn to examine the logic, methodology, and philosophy of science, and history of science and technology from various conceptual, historical and social perspectives in a stimulating, challenging and highly rewarding intellectual environment.","The aim of the study course is to provide students with the opportunity to establish the theoretical framework for further study of e.g. digital humanities, providing them with historical insights into traditional humanities, considering philosophies that dominated and shaped human societies in different periods, as well as research fields in humanities. The tasks of the study course: 1. To provide students with the knowledge of the conceptual apparatus and relevant terminology to be able to conduct research in digital humanities. 2. Since humanities provide comprehensive development of an individual based on a self-sufficient system of human values, to provide students with meaningful insights into different value systems reflected in sacred texts, arts, literature, and other representational media. 3. To acquaint students with a vast body of literature in humanities and social sciences and should be able to critically assess and contrast various views, philosophies and concepts, realizing the role of humanities and social sciences in shaping human societies. 4. To develop student ability to formulate, discuss and substantiate with relevant arguments their own humanistic values, philosophy and aesthetic views.","Survey of literature in humanities and social sciences, critical evaluation of theories, philosophies and cultural phenomena.","Obligātā. / Obligatory: 1. Benton, Janetta Rebold. Arts and Culture: An Introduction to the Humanities Combined Volume (4th Edition) Pearson, 2011 2. Benton, Rebold Janetta,. Rietumu mākslas vēsture / Dženeta Rebolda Bentona; tulkojums latviešu valodā: Renāte Punka; literārā konsultante Dace Lāže., 175 lpp.: ilustrācijas; 22 cm. 3. Switching codes: thinking through digital technology in the humanities and the arts /edited by Thomas Bartscherer and Roderick Coover. Chicago; London: University of Chicago Press, 2011., 333 lpp., [100] lpp. iel.: il., tab.; 23 cm. 4. Macdonald, Fiona,. Pasaules kultūra / Fiona Makdonalda un Entonijs Meisons; no angļu valodas tulkojuši: Kristīne Lapiņa, Sandra Saulīte, Antra Vagnere, Ieva Zeidmane; redaktori: Aigars Cinis, Ilze Sausiņa, Kristīne Skrīvele, Iluta Vasmane., 255, [1] lpp.: ilustrācijas; 23 cm 5. Līpenītis, Aivars Mirzo. [Un]failing: līderība, labbūtība, pašrealizācija jeb kas nosaka [ne]izdošanos sevis izaicinājumos /Aivars Mirzo Līpenītis., 366 lpp.: ilustrācijas; 24 cm 6. Krastiņš, Jānis,. Modernās kustības arhitektūra: saknes un strāvojumi pasaulē un Latvijā = Architecture of Modern Movement: Roots and Currents in the World and in Latvia/ Jānis Krastiņš, Juris Dambis; tulkojums angļu valodā: Inta Liepiņa, Jānis Krastiņš... [u.c.]. Rīga: Nacionālā kultūras mantojuma pārvalde, 2021., 207 lpp.: ilustrācijas, plāni 7. Ferraro, G. Classic Readings in Cultural Anthropology Cengage Learning, 2015 Papildu. / Additional: 1. Baran, Stanley. Introduction to Mass Communication: Media Literacy and Culture McGraw-Hill Humanities/Social Sciences/Languages, 2009 2. Peoples, James. Humanity: An Introduction to Cultural Anthropology Cengage Learning, 2017 3. Puchner, Martin. The Norton Anthology of World Literature. W. W. Norton & Company, 2018 4. Smith, Huston. The World's Religions HarperOne, 2009 5. Sporre, Dennis J. Perceiving the Arts: An Introduction to the Humanities (11th Edition) Pearson, 2014 6. Defining digital humanities: a reader /edited by Melissa Terras, Julianne Nyhan, Edward Vanhoutte., xv, 314 lpp.: ilustrācijas; 24 cm. 7. Dempsey, Amy,. Modernā māksla / Eimija Dempsija; no angļu valodas tulkojusi Ieva Lešinska; literārā redaktore Austra Avotiņa., 175 lpp.: ilustrācijas; 22 cm. 8. Harari, Yuval Noah,. Homo Deus. Cilvēces īsā nākotne / Juvāls Noass Harari; no angļu valodas tulkojis Imants Vilks; zinātniskais redaktors Dr.hist. Andris Šnē; literārā redaktore Gunita Skroderēna; redaktors Valdis Zoldners., 300 lpp.: ilustrācijas; 25 cm 9. Król, Karol. Digital Heritage: reflection of our activities /Karol Król, Józef Hernik., 116 lpp.: ilustrācijas; 24 cm",No preliminary knowledge required.,detailed_pdf_available,https://studreg.rtu.lv/reg/pub/skr/pdf/37614/en/DE0820.pdf
DE0709,Cognition: Meaning Representation,Compulsory/Courses of Limited Choice,3.0,"LV, EN","The study course provides insights into the investigation of the relationship between the mind, human behaviour and language, representing a contemporary approach to language study and its conceptual structure. Currently, cognitive science is one of the most rapidly developing branches, which establishes a scientific approach to the study of language incorporating the tools of other disciplines, such as philosophy, psychology, computer science and engineering. The study course addresses core notions in this area of study, including the prototype, perspective, categorization, image schema, entrenchment, embodied cognition, generative grammar, attention and salience, and contingency learning. It also includes a survey of major theories about human cognition, along with an introduction to the kinds of methodologies available to modern cognitive science.","The goal of the study course is to comprehensively introduce students to cognitive research; to develop students’ cognitive competence and provide them with the skills needed for the research in the field of digital humanities, computer linguistics and the related disciplines; to develop students' skills to identify and use different types of textual analysis, to develop students' understanding that cognitive linguistics is a collection of approaches rather than a unified framework. Objectives of the study course: • to develop students' skills to design cognitive models; • to help students develop a theoretical background for further research in cognitive and computational linguistics; • to develop students' skills to conceptualize and categorize knowledge.","During the study course, students prepare and present a report on a topical issue in the field of cognitive research.","1. Paolucci, Claudio. Cognitive Semiotics: integrating signs, minds, meaning and cognition /Claudio Paolucci., xiv, 157 lpp.: ilustrācijas; 24 cm. Obligātā. / Obligatory: 1. Geeraerts, Dirk,. Cognitive linguistics: basic readings /edited by Dirk Geeraerts., viii, 485 lpp.: ilustrācijas; 23 cm. 2. Taylor, John R.,. Linguistic Categorization / John R. Taylor., xv, 308 lpp.: ilustrācijas; 25 cm. 3. Lakoff, George,. Metaphors we live by / George Lakoff and Mark Johnson. Chicago; London: University of Chicago Press, 2003., xiii, 276 lpp.: il.; 22 cm. 4. Everett, Daniel Leonard,. Valoda - kultūras instruments / Daniels Everets; tulkotāja Ina Druviete; zinātniskā un literārā redaktore Sanda Rapa; zinātniskais konsultants Uldis Ivars Jānis Balodis; vāka dizaina autore Vanda Voiciša., 278 lpp.: ilustrācijas; 21 cm 5. Bostrom, Nick,. Superintelekts: attīstības ceļi, riski, stratēģijas /Niks Bostroms; no angļu valodas tulkojis Normunds Pukjans; atbildīgā redaktore Alīna Melngaile; Ivara Vimbas vāka grafiskais noformējums., 542 lpp.: diagrammas, ilustrācijas, tabulas; 20 cm 6. Beck, Klaus,. Mediju un komunikācijas zinātne: monogrāfija /Klauss Beks; latviešu izdevums profesora Dr.phil. Aināra Dimanta tulkojumā un zinātniskajā redakcijā ar līdzautora papildinājumiem; recenzenti: Dr.philol. Ilva Skulte, Dr.philol. Dite Liepa., 384 lpp.: ilustrācijas, portreti, tabulas; 21 cm. 7. Odlin, Terence. Explorations of language transfer / Terence Odlin., vii, 164 lpp.; 24 cm. Papildu. / Additional: 1. Paolucci, Claudio. Cognitive Semiotics: integrating signs, minds, meaning and cognition /Claudio Paolucci., xiv, 157 lpp.: ilustrācijas; 24 cm. 2. Evans, Vyvyan, Melanie Green. Cognitive Linguistics: An Introduction. London: Routledge, 2018 3. Croft, William, and Alan D. Cruse. Cognitive Linguistics. Cambridge: Cambridge University Press, 2004 4. Ungerer, F., and Schmid, H. An Introduction to Cognitive Linguistics. London: Routledge, 2013 5. Dirven, R., Verspoor, M. Cognitive Explorations in Language and Linguistics. Amsterdam: John Benjamins, 2004 6. Johnson-Laird, Phillip N. Mental Models Towards a Cognitive Science of Language, Inference and Consciousness. Cambridge, Mass.: Harvard University Press, 1983","English language skills at level B2 according to CEFR, if the study course is acquired in English.",detailed_pdf_available,https://studreg.rtu.lv/reg/pub/skr/pdf/37346/en/DE0709.pdf
DE0805,Interlingual Information Transfer,Compulsory/Courses of Limited Choice,3.0,"LV, EN","A multidisciplinary study course, which consists of a series of lectures, practical classes and seminars dealing with the selected topics in the fields of communication, information and translation theory. A combination of different forms of instruction allows developing both theoretical background and practical skills to be used in the provision, usage, and assessment of translation, localization, and information processing services. The students apprehend semantic, pragmatic, cultural, and extra-linguistic aspects of interlingual information transfer (ITT) considering the implications these aspects have in a variety of communicative settings, i.e. scientific, technical and promotional discourse. The study course is integrated with other study courses on the curriculum to ensure students develop a comprehensive understanding of the principles of information management, information processing and interlingual information transfer.","The aim of the study course is to provide a comprehensive foundation for the students to be able to use, provide, and assess translation, localization and information processing services being aware of their quality criteria and quality assurance provisions. The tasks of the study course: - to provide students with the outlook on interlingual information transfer within the scope of information, communication and translation theory; - to develop basic translation, localization and information processing skills of the students; - to develop student understanding of semantic, pragmatic, cultural, and extra-linguistic aspects of interlingual information transfer.","Course project – a case study (8-10 pages) on provision and quality assessment of a translation, localization, and information processing project; 1 presentation dedicated to the analysis of a topical issue in the field of translation, localization, and information processing service provision; extensive reading of literature in the field of, communication, information, and translation theory.","Obligātā. // Obligatory: 1. Mitchell, J. B. A.. A practical guide to scientific and technical translation: publishing, style and terminology /James Brian Alexander Mitchell, Anca Irina Florescu-Mitchell., xii, 173 lpp.: ilustrācijas; 24 cm 2. Mitchell-Schuitevoerder, Rosemary. A project-based approach to translation technology / Rosemary Mitchell- Schuitevoerder., xxxv, 163 lpp.: ilustrācijas; 24 cm. 3. Translation and localization: a guide for technical and professional communicators /edited by Bruce Maylath and Kirk St. Amant., xviii, 256 lpp.: ilustrācijas; 23 cm. 4. Olohan, Maeve,. Translation and practice theory / Maeve Olohan., xi, 154 lpp.; 23 cm. 5. Sīle, Aija,. Tulkojumu redakcionālā pilnveide / Aija Sīle, Jānis Veckrācis; recenzents Dr.philol. Guntars Dreijers; vāka dizains: Kristīne Plūksna-Zvagule., 207 lpp.: tabulas; 22 cm 6. Latviešu valoda kā tulkojumvaloda: rakstu krājums /redkolēģija: Andrejs Veisbergs (galvenais redaktors), Gunta Ločmele, Nijolė Maskaliūnienė, Jānis Sīlis; vāka dizains: Baiba Lazdiņa., 218 lpp.: ilustrācijas, tabulas; 24 cm 7. Latviešu valodas divdesmitgade Eiropas Savienībā: semināru cikla rakstu krājums /redaktores: Agnese Cīrule, Beāte Paula; [līdzautori]: Arturs Krastiņš, Agris Timuška, Ieva Kraukle; makets: Santa Lipšāne., 103 lpp.: diagramma, faksimili, shēmas, tabulas; 24 cm Papildu. // Additional: 1. Nītiņa, Daina,. Nozīme valodā: lingvistiskie un ekstralingvistiskie aspekti: mācību grāmata /D. Nītiņa, L. Iļjinska, M. Platonova; Rīgas Tehniskā universitāte. Valodu institūts. Rīga: RTU Izdevniecība, 2008., 305 lpp.: il.; 21 cm. 2. Venuti, Lawrence,. The translation studies reader / edited by Lawrence Venuti., xiv, 546 lpp.: ilustrācijas; 25 cm 3. Chesterman, Andrew,. Memes of translation: the spread of ideas in translation theory /Andrew Chesterman., xii, 225 lpp.; 24 cm. 4. Katan, David. Translating cultures: an introduction for translators, interpreters, and mediators /David Katan. Manchester, UK; Northampton, MA: St. Jerome Pub., 2012., vii, 380 lpp.: il.; 25 cm. 5. Munday, Jeremy. Introducing translation studies: theories and applications /Jeremy Munday. London; New York, NY: Routledge, c2012., xvi, 364 lpp.: il. 6. Byrne, Jody. Technical translation: usability strategies for translating technical documentation /Jody Byrne. Dordrecht: Springer, c2006., xiii, 280 lpp.: il.; 25 cm. 7. The Language of Localization / compiled and edited by Katherine Brown-Hoekstra., 171 lpp.; 22 cm.","English language skills at level B2 according to CEFR, if the study course is acquired in English.",detailed_pdf_available,https://studreg.rtu.lv/reg/pub/skr/pdf/37597/en/DE0805.pdf
DE0809,Digital Textuality: Interdisciplinary Approach,Compulsory/Courses of Limited Choice; Courses of Free Choice,6.0,"LV, EN","The study course is envisioned for students with intermediate background in linguistics, lexicology, stylistics, and discourse analysis to establish a sound body of competences for work with texts and textual information in the digital setting, as well as to develop their skills to produce high-quality content employing a variety of pragmatic, stylistic and digital resources. The study course introduces the fundamental notions of efficient text production and processing in the digital environment. It enables students to uncover the regularities, patterns, and levels of textuality and intertextuality. The study course develops advanced creative text generation skills of the students, providing a comprehensive overview of genres, techniques, and resources of creative content production. Advanced content creation skills are the main precondition for a successful career in content management and production, information processing and representation, web site and UI design and management.",The aims of the study course: • to help students develop a sound background in digital textuality; • to develop creative content production skills of the students in the digital setting; Tasks of the study course: • to develop student skills to analyse a range of stylistic resources of the language and discover additional stylistic information characteristic of cross-disciplinary and multimodal texts; • to develop students' ability to master the text production conventions pertaining to a variety of digital genres; • to develop students' individual writing strategies and learning strategies (metacognitive skills).,"Regular individual work with theoretical literature and other information sources. Report on the application of stylistic resources of the language. Developing individual learning strategies for mastering conventions of creative content production; extensive text generation in class and beyond; presenting course portfolios with text samples of different forms of exposition and various types of creative content. Development, design and presentation of a personal blog/web page/UI.","Obligātā:. / Obligatory: 1. The Routledge handbook of stylistics / edited by Michael Burke. Milton Park, Abingdon, Oxon; New York: Routledge, Taylor & Francis Group, ©2014., xviii, 540 lpp.: il. 2. Scott, Jeremy. Creative writing and stylistics: creative and critical approaches /Jeremy Scott., xi, 231 lpp.: ilustrācijas; 22 cm. 3. Nītiņa, Daina,. Nozīme valodā: lingvistiskie un ekstralingvistiskie aspekti: mācību grāmata /D. Nītiņa, L. Iļjinska, M. Platonova; Rīgas Tehniskā universitāte. Valodu institūts. Rīga: RTU Izdevniecība, 2008., 305 lpp.: il.; 21 cm. 4. Zinātnes valoda: stils, teksts, konteksts: monogrāfija /atbildīgā redaktore Agnese Dubova; recenzentes: Dr.philol. Regīna Kvašīte, Dr.philol. Svetlana Polkovņikova; tulkotāja (angļu-latviešu-angļu valoda) Baiba Egle; tulkotāja (vācu-latviešu-vācu valoda) Egita Proveja; literārā redaktore Agita Kazakeviča; vāka māksliniece Ilze Ruperte., 287 lpp.: ilustrācijas, tabulas; 22 cm Papildu:. / Additional: 1. Bell, J. and Magrs P. (Eds.). The Creative Writing Coursebook. UK: Macmillan, 2016. 2. Beck, Heather. Teaching Creative Writing. GB: Palgrave Macmillan, 2012. 3. Dawson, Paul. Creative Writing and the New Humanities. USA: Routledge, 2005. 4. Ed. by Sotirova V. The Bloomsbury Companion to Stylistics. India: Bloomsbury Companions, 2016. 5. Goodman, Richard. The Soul of Creative Writing. USA: Transaction Publishers, 2009. 6. Halliday M. A. K., Yallop C. Lexicology: A Short Introduction. UK: Cromwell Press, 2007. 7. Jeffries L., McIntyre D. Stylistics: Cambridge Textbooks in Linguistics. UK: CUP, 2010. 8. Cipriani, Anna Maria. Literary Digital Stylistics in Translation Studies / Anna Maria Cipriani., xviii, 195 lpp.: ilustrācijas; 25 cm. 9. LCC Books. Lexicology: Lexicography, Lexicology, Dialect, Neologism, Word Usage, Denotation, Analysis of Subjective Logics, Semantic Change Eggcorn, 2010. 10. Morley, D. and Nielsen Ph. (Eds.). The Cambridge Companion to Creative Writing. UK: CUP, 2012. 11. Simpson, Paul. Stylistics. UK: Routledge, 2004. 12. Nītiņa, Daina,. Moderna cilvēka valoda / Daina Nītiņa; Valsts valodas aģentūra. Rīga: Valsts valodas aģentūra, 2004., 112 lpp.; 21 cm. 13. Portela, Manuel,. Literary simulation and the digital humanities: reading, editing, writing /Manuel Portela., viii, 233 lpp.: faksimili, ilustrācijas, shēmas; 23 cm","English language skills at level B2 according to CEFR, if the study course is acquired in English.",detailed_pdf_available,https://studreg.rtu.lv/reg/pub/skr/pdf/37601/en/DE0809.pdf
DE0804,Computer-Assisted Text Analysis,Compulsory/Courses of Limited Choice,6.0,"LV, EN","The study course provides students with the necessary knowledge and skills in computer-assisted text analysis. The study course consists of a series of lectures, seminars, and workshops in the following areas: a study of discourse/register/genre theory; an examination of digital text analysis tools used for text analytics, data tagging, syntax parsing, key phrase extraction, sentiment analysis, etc.; mining, extraction, analysis, and organization of different types of humanities data; discussion of strategies for reception and production of digital content; analysis, application and customization of the modern NLP/AI and corpus-based text analysis tools.","The aim of the study course is to help students elaborate a methodology for detailed computer-assisted text analysis, with particular emphasis on the analysis, application, and customization of modern NLP/AI and corpus- based text analysis tools. The tasks of the study course are to develop student abilities: • to identify the style/register/genre of the text and choose relevant methods and tools of analysis; • to recognize the principles of text organization (from the macro-to the micro-level) and textual functions associated with clause- and sentence; • to compare and contrast the functionality of various digital text analysis tools and software to be able to select the most relevant solution for the purpose (e.g., Google Cloud Natural Language API, IBM Watson Studio); • to master the range of strategies for reception and production of high-quality digital content.","During the study course, students have to use and analyse arrange of NLP/AI and corpus-based text analysis tools. Students have to analyse the range of dedicated text analysis software available in the market and produce a short analytical report on a preferred tool. Throughout the semester, students apply a variety of computer-assisted text analysis tools to mine, extract, analyse and structure different types of humanities data present in a selected text (ca. 6000 - 8000 words).","Obligātā:. / Obligatory: 1. Otung, Ifiok. Digital communications: principles and systems /Ifiok Otung., xv, 497 lpp.: ilustrācijas; 26 cm. 2. The Routledge handbook of discourse analysis / edited by James Paul Gee and Michael Handford. London; New York: Routledge, 2012 (2014), xxvi, 681 lpp.: ilustrācijas, tabulas; 25 cm. 3. Everett, Daniel Leonard,. Valoda - kultūras instruments / Daniels Everets; tulkotāja Ina Druviete; zinātniskā un literārā redaktore Sanda Rapa; zinātniskais konsultants Uldis Ivars Jānis Balodis; vāka dizaina autore Vanda Voiciša., 278 lpp.: ilustrācijas; 21 cm 4. Tagg, Caroline. Exploring Digital Communication: Language in action /Caroline Tagg., viii, 291 lpp.; 24 cm. 5. Zinātnes valoda: stils, teksts, konteksts: monogrāfija /atbildīgā redaktore Agnese Dubova; recenzentes: Dr.philol. Regīna Kvašīte, Dr.philol. Svetlana Polkovņikova; tulkotāja (angļu-latviešu-angļu valoda) Baiba Egle; tulkotāja (vācu-latviešu-vācu valoda) Egita Proveja; literārā redaktore Agita Kazakeviča; vāka māksliniece Ilze Ruperte., 287 lpp.: ilustrācijas, tabulas; 22 cm 6. Apsalons, Edmunds. Konstruktīvā komunikācija: prasme veidot dialogu /Edmunds Apsalons; vāka dizaina autors Aigars Truhins; redaktore Jana Boikova; maketētāja Dace Polkmane., 304 lpp.; 22 cm 7. Gee, James Paul,. How to do discourse analysis: a toolkit /James Paul Gee. Milton Park, Abingdon, Oxon: Routledge, ©2014., vii, 208 lpp.: il. Papildu:. / Additional: 1. Eyman, Douglas. Digital rhetoric: theory, method, practice /Douglas Eyman. Ann Arbor: University of Michigan Press, 2015., 163 lpp.; 24 cm. 2. Grundy, Peter. Doing pragmatics / Peter Grundy. London: Hodder Education, c2008., ix, 315 lpp.: il.; 24 cm. 3. Rockwell, Geoffrey,. Hermeneutica: computer-assisted interpretation in the humanities /Geoffrey Rockwell and Stéfan Sinclair., viii, 246 lpp.: diagrammas, ilustrācijas; 24 cm 4. Iļinska, Larisa,. Teaching Textual Analysis of Contemporary Popular Scientific Texts / Larisa Ilinska, Oksana Ivanova, Zane Senko 5. Jeffries, Lesley,. Stylistics / Lesley Jeffries and Dan McIntyre. New York: Cambridge University Press, 2014., xiv, 226 lpp.: il.; 25 cm. 6. Data analytics in digital humanities / Shalin Hai-Jew, editor. Cham: Springer, 2017., xxii, 295 lpp.: ilustrācijas.","English language skills at level B2 according to CEFR, if the study course is acquired in English.",detailed_pdf_available,https://studreg.rtu.lv/reg/pub/skr/pdf/37596/en/DE0804.pdf
DE0819,Digital Language Learning Paradigm,Compulsory/Courses of Limited Choice; Courses of Free Choice,6.0,"LV, EN","A study course in educational language technologies aims at the development of advanced competence for the acquisition of high-level, integrated professionally-oriented Language for Special Purposes (LSP, e.g., English) language skills in the chosen area of professional and academic activity using an entire range of available digital tools for language learning, language use, and communicative resource planning. The study course is intended for post-graduate students of RTU irrespective of their major. The study course is designed as a series of professionally-oriented seminars, workshops, business games, and practical classes using a variety of digital platforms. The study course is implemented using cutting-edge educational digital tools with an aim to prepare students for a successful career in the international digital, virtual, and real work environment, making sure their linguistic, communicative, and interpersonal competencies meet the highest demands of the labour market.","The aim of the study course is to develop student skills and competencies in using advanced educational language technologies to make them competitive in the international digital, virtual, and real work environment. The tasks of the course: • to develop student receptive and interpretation skills working with authentic literature in the special field in accordance with their major; • to develop student productive skills, their ability to compose, deliver, assess, and self-assess academic and professional content (digital narratives, digital storytelling, building an efficient digital identity); • to develop student interpersonal, communicative, and cognitive skills to make sure they become efficient communicators in a variety of professional contexts.","Consistent independent work with educational language technologies processing authentic texts in special fields, developing and enlarging professional word stock; developing productive skills to evolve into efficient LSP communicators.","Obligātā:. / Obligatory: 1. Roberts, Mark. English for economics in higher education studies: course book /Mark Roberts. Reading: Garnet Education, ©2012., 139 lpp.: il. + 2 Audio CDs. 2. McCarthy, Michael,. English vocabulary in use: advanced: vocabulary reference and practice with answers/Michael McCarthy, Felicity O'Dell. Cambridge: Cambridge University Press, 2013., 304 lpp.: il., tab. + 1 CD-ROM (4 3/4 in.). 3. Ibbotson, Mark. Professional English in use. Engineering:technical English for professionals /Mark Ibbotson. Cambridge: Cambridge University Press, c2009., 144 lpp.: il.; 27 cm. 4. Mackenzie, Ian E.. Professional English in use. Finance /Ian MacKenzie. Cambridge [etc.]: Cambridge University Press, 2006., 140 lpp.: il.; 27 cm. 5. Anohina-Naumeca, Alla,. Justifying the Usage of Concept Mapping as a Tool for the Formative Assessment of the Structural Knowledge of Engineering Students / Alla Anohina-Naumeca 6. Nītiņa, Daina,. Moderna cilvēka valoda / Daina Nītiņa; Valsts valodas aģentūra. Rīga: Valsts valodas aģentūra, 2004., 112 lpp.; 21 cm. 7. Harris, J. The Work of Teaching Writing Learning from Fiction, Film, and Drama Utah State University Press, 2020 8. Apsalons, Edmunds. Konstruktīvā komunikācija: prasme veidot dialogu /Edmunds Apsalons; vāka dizaina autors Aigars Truhins; redaktore Jana Boikova; maketētāja Dace Polkmane., 304 lpp.; 22 cm 9. Markus, Dace,. Ievads runas un rakstu kultūrā / Dace Markus, Anna Vulāne; recenzente Dr.paed. Elita Stikute; vāka dizainu veidojusi Baiba Lazdiņa; Latvijas Universitāte. Pedagoģijas, psiholoģijas un mākslas fakultāte., 63 lpp.: karte, tabulas; 30 cm. 10. Barreta, Elīna. Socializēšanās rokasgrāmata latvietim: ko (kur, kāpēc, kam un kā) teikt /Elīna Barreta; redaktors Gints Tenbergs., 96 lpp.: ilustrācijas; 21 cm 11. Everett, Daniel Leonard,. Valoda - kultūras instruments / Daniels Everets; tulkotāja Ina Druviete; zinātniskā un literārā redaktore Sanda Rapa; zinātniskais konsultants Uldis Ivars Jānis Balodis; vāka dizaina autore Vanda Voiciša., 278 lpp.: ilustrācijas; 21 cm Papildu:. / Additional: 1. Balbina Moncada-Comas, Dietmar Tatzl, Marta Aguilar-Pérez (Eds). Developing Language Competence Through English for Specific Purposes in English-Medium University Settings Channel View Publications, 2024 2. Guffey, Mary Ellen. Essentials of business communication / Mary Ellen Guffey and Dana Loewy., 1 sējums (dažāda paginācija): ilustrācijas; 28 cm 3. Stukaļina, Jūlija.. Professional English for Students of Logistics / Yulia Stukalina; reviewers: Larisa Kuzmenko, Antra Roskoša. Riga: Transport and telecommunication institute, 2014., 187 lpp.: tab. 4. Jeffries, Lesley,. Stylistics / Lesley Jeffries and Dan McIntyre. New York: Cambridge University Press, 2014., xiv, 226 lpp.: il.; 25 cm. 5. Wyse, Dominic,. The good writing guide for education students / Dominic Wyse. Thousand Oaks, CA: SAGE Publications, c2012., xii,153 lpp.: il. 6. Priļenska, Viktorija,. (Un)Plugging: Serious Game as a Tool for Education and Exploration / Viktorija Prilenska, Maksims Feofilovs 7. Kapenieks, Jānis.. Mobile Learning for Developing the Competence / J.Kapenieks 8. Woodrow, L.. Introducing Researching English for Specific Purposes Taylor & Francis, 2022","English language skills at level B2 according to CEFR, if the study course is acquired in English.",detailed_pdf_available,https://studreg.rtu.lv/reg/pub/skr/pdf/37613/en/DE0819.pdf
DE0817,Software Metrology and Planning Models,Compulsory/Courses of Limited Choice,6.0,"LV, EN","Topics covered by the study course include: software project management - development process models, task planning and assignment, project calendar, human resource management models, cost estimation models, software metrics, quality management models, testing, risk and configuration management; management of “Mission Impossible” projects; variety of software engineering.","The aim of the study course is to prepare students for software project development. The objectives of the study course are: - to develop competencies to plan a project by using tools, assigning task to developers, analysing and estimating project cost; - to teach to measure deliveries of project stages using different models, etc.; - to develop students’ skills to work in group as a project manager as well as a developer.",The student should write a report on selected topics and should fulfil five practical works: 1) business requirements and business case; 2) software estimation; 3) software development risks and issues; 4) earned value management; 5) lessons learned.,"Obligātā/Obligatory: 1. Mulcahy R. Project Management Professional (PMP)® Exam Prep, 10th Edition. – Prothoughts, 2020. – 535 p. 2. PMI. A Guide to the Project Management Body of Knowledge (PMBOK Guide), 7th Edition. – PMI, 2021. – 274 p. 3. Doerr J.. Measure What Matters. – Bennett Group, LLC, 2017. –306 p. 4. Moustafaev J. Project Scope Management. – CRC Press, 2015. – 338 p. 5. Pressman R.S. Software Engineering: A practitioner’s Approach, 8th Edition.– McGraw-Hill Comp., 2014. – 976 p. Papildu/Additional: 6. Marchewka J.T. Information technology project management. Providing measurable organizational value,. 5th Edition. – WILEY, 2016. – 360 p. 7. Fenton N.,Bieman J.. Software metrics: A Rigorous & Practical Approach. 3rd Edition. – CRC Press, 2014. – 617 p. 8. Jalote P. Software Project Management in Practice. – Addison-Wesley, 2002. – 262 p. 9. Орлов С.А. Технологии разработки программного обеспечения, 5-е издание. – СПб.: Питер, 2017. – 640 c. 10. Craig R.D., Jaskiel S.P. Systematic Software Testing. – Boston-London: Artech House Pub., 2002. – 536 p.",According to bachelor study programme.,detailed_pdf_available,https://studreg.rtu.lv/reg/pub/skr/pdf/37611/en/DE0817.pdf
DE0807,Fundamentals of Computer Science and Programming,Courses of Free Choice,6.0,"LV, EN","The study course introduces students to the fundamentals of algorithm development and programming, demonstrating the possibilities of developing simple software solutions in C, Python, JavaScript, HTML, CSS and SQL. The study course enables students to learn practical skills in the development of algorithms using different types of algorithm notation. The study course also includes topics on data structures, software development stages, as well as practical programming issues. An important part of the study course is made up by laboratory work, during which students learn the skills to use the knowledge acquired in the study course. The study course structure and learning materials are taken from Harvard University’s distance learning course CS50x. The study course is intended for students who do not specialize in the field of information and communication technologies.","The aim of the study course is to teach students the fundamentals of algorithm development and programming to be able to perform simple tasks. Tasks of the study course: - to provide students with the knowledge, skills and competences to understand and apply algorithmic knowledge in order to solve various tasks; - to provide skills in using at least one integrated program development environment; - to develop skills to read and use program sample codes to solve simple tasks.","In each practical class, students receive a task for practical implementation. Students start fulfilling the task in the nearest laboratory following its working hours and if they do not finish the task in the computer class, they do it independently.","Obligātā / Obligatory: 1) Digitālie mācību materiāli CS50's Introduction to Computer Science - https://www.edx.org/course/introduction-computer-science-harvardx-cs50x Papildu / Additional: 1) J. Wengrow. A Common-Sense Guide to Data Structures and Algorithms, 2e: Level Up Your Core Programming Skills. The Pragmatic Programmers; 2nd ed. edition, 2020. 250 p. 2) D. DuRocher. HTML and CSS QuickStart Guide: The Simplified Beginners Guide to Developing a Strong Coding Foundation, Building Responsive Websites, and Mastering. of Modern Web Design (QuickStart Guides). ClydeBank Media LLC, 2021, 339 p. 3) W. Shields. SQL QuickStart Guide: The Simplified Beginner's Guide to Managing, Analyzing, and Manipulating Data With SQL. ClydeBank Media LLC; Illustrated edition, 2019. 4) H. Schildt. Java: beginner’s guide. 8th edition New York, McGraw-Hill, 2018. 720 p. 5) M. Haverbeke, Eloquent JavaScript, 2nd Ed.: A Modern Introduction to Programming, No Starch Press; 2 edition, 2014. 6) A.T. Brooks. Python for Beginners: A Smarter Way to Learn Python in 5 Days and Remember it Longer, 2019.",Are not required.,detailed_pdf_available,https://studreg.rtu.lv/reg/pub/skr/pdf/37599/en/DE0807.pdf
DE0813,Applied Software,Compulsory/Courses of Limited Choice; Courses of Free Choice,3.0,"LV, EN","The study course covers the description of the development principles of integrated applications, the application methods and interaction methodologies of different components, the interactions of the text editor, spreadsheets, presentation applications and work structuring components as well as software operating automation using macro commands.","The aim of the study course is to provide students with an opportunity to understand and learn the basics of application software automation. The tasks of the study course: - to develop student's skills in working with large documents, control of input data, checking the integrity of information components; - to develop students' knowledge of the basics of software operation automation using macro commands, user interface design, software interaction, software integrity (data exchange between programmes, software sharing), presentation creation logic and information sequence.","Work with literature, six mandatory practical tasks","Obligātā/Obligatory: 1. Marina Uhanova, Programmēšanas valodā VBA un VB.NET, Mācību līdzeklis, RTU Izdevniecība, Rīga 2015. 2. A. Jurenoks. Lietojumprogrammatūra. Lekcijas. RTU ORTUS. Lietojumprogrammatura lekcijas slaidi - Rīga: RTU, 2015. 340 slaidi. Papildu/Additional: 3. V. Šitikovs, A. Jurenoks. Lietojumprogrammatūra. Metodiskie materiāli laboratorijas darbu izpildei. RTU ORTUS. Lietojumprogrammatura multimedija - Rīga: RTU, 2014. 820,26 Mb (8 videoklipi). 4. Bill Jelen, Tracy Syrcstad, Microsoft Excel 2019 VBA and Macros, Microsoft Press, ISBN-13: 978- 1509306114, 2018. – 624 p. 5. Mansfield R., Mastering VBA for Microsoft Office 365, ISBN: 978-1-119-57933-5, Wiley; 2019. – 944 p.","Informatics II (secondary school subject) - basics of software applications, basics of MS Office components (MS Word, MS Excel, MS Access, MS PowerPoint).",detailed_pdf_available,https://studreg.rtu.lv/reg/pub/skr/pdf/37605/en/DE0813.pdf
DE0824,Development of Web-Applications for the Internet,Courses of Free Choice,3.0,"LV, EN","Development and implementation of Web-application with HTML (Hypertext Markup Language), CSS (Cascading Style Sheet) and JavaScript. HTML document structure, fundamental elements, lists, tables etc. CSS syntax, examples of use. JavaScript possibilities for interactive Web-application developing.","The aim of the course is to provide knowledge about web technology usage possibilities, describes HTML, JavaScript and CSS syntax, their functionality, defines possible ways to develop and implement interactive network applications. Course tasks: - learn HTML and CSS syntax, abilities and use cases to develop web- applications; - learn JavaScript abilities to create interactive web-tools; - teach students to practically apply their knowledge for successful development of rich web-applications.",Learning of methodological materials and literature,"Obligātā/Obligatory: 1. Jennifer Nieder Robbins. Learning Web Design 5e: A Beginner's Guide to HTML, CSS, JavaScript, and Web Graphics. O′Reilly; 5th ed. edition, 2018. - 700 p. 2. Matt Frisbie. Professional JavaScript for Web Developers. Wrox; 4th edition, 2019. - 1200 p. 3. Jon Duckett. HTML & CSS: Design and Build Websites + JavaScript & JQuery: Interactive Front-End Web Development (Set of 2 Volumes). John Wiley & Sons; Pck edition, 2014. - 1152 p. 4. THE WORLD'S LARGEST WEB DEVELOPER SITE / Internet. - https://www.w3schools.com/ 5. Andris Kamars. Tīmekļa lapu veidošana. HTML un CSS. – Rīga: Zvaigzne ABC, 2008. – 320 lpp. Papildu/Additional: 1. Jon Duckett. HTML & CSS, Design and Build Websites / Internet. - http://www.academia.edu/31552563/Jon_Duckett_HTML_and_CSS_Design_and_Build_Websites.pdf 2. HyperText Markup Language home page / Internet. - http://www.w3.org/MarkUp/ 3. Cascading Style Sheets home page / Internet. - http://www.w3.org/Style/CSS/ 4. The Modern Javascript Tutorial / Internet. - https://javascript.info/ 5. JavaScript tutorial / Internet. - https://www.learn-js.org/",Programming Languages (DIP208),detailed_pdf_available,https://studreg.rtu.lv/reg/pub/skr/pdf/37618/en/DE0824.pdf
DE0825,Introduction to Engineering Sciences,Compulsory/Courses of Limited Choice; Courses of Free Choice,3.0,"LV, EN","The course aims to develop your identity in nowadays engineering and engineering sciences. The course provides insights into present-day engineering science divisions, technologies, and solutions, including modern data transmission and sensor network design, digital data transmission, and analysis. Nowadays, no engineering science is imaginable without Information and communication technologies (ICT). Students will be divided into groups during the course. Each of them will carry out laboratory works covering such essential topics in the ICT industry as network design, providing coverage in an object, the configuration of sensor networks, the processing, and analysis of received data. The laboratory works will be realized in the laboratory of the internet of things, using experience gained in vertically integrated projects (VIP) course regarding working with students lacking previous ICT knowledge and skills. Laboratory works will include detailed and precisely defined guidelines, descriptions, and instructions. The course also includes guest lectures led by representatives of leading research groups, (for instance, RTU ComTech, “RISE” – Sweden; TU/e Terahertz Photonic System Group – Netherlands, etc.) and leading companies (for example, “LMT”, ECO of Latvia, “MikroTik”, “Ubiquiti Networks”, “Siemens”, etc.), both recognized in Latvia and Europe.","The objective of the course is to provide necessary theoretical and practical foundations in engineering sciences. Tasks of the course: • Familiarize with engineering and technological development history. • Comprehend current innovative solutions. • Generate and evaluate basic ideas. • Master engineering problem-solving methods. • Develop critical thinking about proposed engineering solutions regarding economic, environmental and social aspects. • Understand and cultivate technical writing. • Distinguish and practice professional ethics.","During independent studies, students should use course materials form ORTUS, prepare for tests and tasks in the laboratory. Scenarios for independent learning are prepared using literature and hyperlinks to necessary web pages, covering course topics.","Obligātā. / Obligatory: 1. Jennifer Edmond. Digital Technology and the Practices of Humanities Research Cambridge, UK: Open Book Publishers, 2019. 2. Doing more digital humanities: open approaches to creation, growth, and development /edited by Constance Crompton, Richard J. Lane, and Ray Siemens., xvi, 333 lpp.: faksimili, ilustrācijas; 24 cm Papildu. / Additional: 1. Singiresu S. Rao. Engineering Optimization: Theory and Practice 5th Edition NJ: John Wiley and sons, 2019",Computer skills,detailed_pdf_available,https://studreg.rtu.lv/reg/pub/skr/pdf/37619/en/DE0825.pdf
DE0826,Digital Editing and Publishing,Compulsory/Courses of Limited Choice,3.0,"LV, EN","In the contemporary world, proofreaders and copyeditors are required not only in the academic and research environment, but also in the corporate business environment. The study course is designed to provide students with the skills and knowledge to work as professional writers, proofreaders, and copyeditors. Within the framework of the study course, students develop their research and critical thinking skills in writing, editing and publishing projects, acquire editorial principles and writing strategies in both print and digital media, as well as study the scientific publication life-cycle model. Students also develop an awareness of industry standards and requirements, and gain knowledge of designing and developing documents.","The goal of the study course is to enable students to master the basic skills of proofreading and copyediting, and provide them with the skills necessary for project management in the publishing environment. The study course also aims at developing students’ skills to apply various digital editing tools in practice. The objectives of the study course: 1. to discuss with the students the role and scope of editing, recognizing the differences and similarities among a proofreader, editor and copyeditor; 2. to help students acquire professional codes of conduct; 4. to develop students’ competence to apply the software necessary for managing all stages of the publishing process; 5. to develop students’ ability to identify and correct common mistakes; 6. to advance students’ discourse organization skills.","Students independently analyse different types of texts, identify and correct mistakes following the set requirements, as well as act as project managers guiding the content through each stage of the publishing process.","Obligātā. // Obligatory: 1. Carroll, Brian,. Writing and editing for digital media / Brian Carroll., xiii, 375 lpp.: ilustrācijas; 23 cm 2. Turabian, Kate L.,. A manual for writers of research papers, theses, and dissertations: Chicago Style for students and researchers /Kate L. Turabian; revised by Wayne C. Booth [un vēl 4 redaktori]; University of Chicago Press Editorial Staff., xv, 462 lpp.: ilustrācijas; 22 cm. 3. Digital scholarly editing: theories and practices /edited by Matthew James Driscoll and Elena Pierazzo., xv, 272 lpp.: ilustrācijas; 24 cm. 4. Everett, Daniel Leonard,. Valoda - kultūras instruments / Daniels Everets; tulkotāja Ina Druviete; zinātniskā un literārā redaktore Sanda Rapa; zinātniskais konsultants Uldis Ivars Jānis Balodis; vāka dizaina autore Vanda Voiciša., 278 lpp.: ilustrācijas; 21 cm 5. Beck, Klaus,. Mediju un komunikācijas zinātne: monogrāfija /Klauss Beks; latviešu izdevums profesora Dr.phil. Aināra Dimanta tulkojumā un zinātniskajā redakcijā ar līdzautora papildinājumiem; recenzenti: Dr.philol. Ilva Skulte, Dr.philol. Dite Liepa., 384 lpp.: ilustrācijas, portreti, tabulas; 21 cm. 6. Sīle, Aija,. Tulkojumu redakcionālā pilnveide / Aija Sīle, Jānis Veckrācis; recenzents Dr.philol. Guntars Dreijers; vāka dizains: Kristīne Plūksna-Zvagule., 207 lpp.: tabulas; 22 cm Papildu. // Additional: 1. A new companion to digital humanities / edited by Susan Schreibman, Ray Siemens, and John Unsworth., xviii, 567 lpp.: ilustrācijas, tabulas; 25 cm. 2. Science editor's handbook / editors: Pippa Smart... [et al.]; European Association of Science Editors (EASE). Cornwall, UK: EASE, ©2013., viii, 231 lpp.: ilustrācijas. 3. Tarutz, Judith A.. Technical editing: the practical guide for editors and writers /Judith A. Tarutz. Reading, Mass.: Addison-Wesley, c1992., xxvi, 454 lpp.: il.; 24 cm. 4. Zinātniskā rakstīšana un pētījumu rezultātu izplatīšana / Kristīnes Mārtinsones un Anitas Piperes zinātniskajā redakcijā; autori: Uldis Berķis, Maija Dambrova, Inese Gobiņa, Kristīne Mārtinsone; Ivans Jānis Mihailovs [un vēl 7 autori]; recenzenti: PhD Daiga Kamerāde, Dr.habil.oec. Baiba Rivža, Dr.biol. Dace Tirzīte; literārā redaktore Inta Rozenvalde; mākslinieks Modris Brasliņš., 301 lpp.: ilustrācijas, portreti; 25 cm","English language skills at level B2 according to CEFR, if the study course is acquired in English.",detailed_pdf_available,https://studreg.rtu.lv/reg/pub/skr/pdf/37621/en/DE0826.pdf
DE0827,Research Strategies and Writing for Academic Publishing,Compulsory/Courses of Limited Choice,3.0,"LV, EN","In the study course, students will acquire skills and methods for writing scientific research texts in English for publication in internationally recognized academic journals. The study course discusses strategies for identifying relevant topics that match student interests and are of current research interest in student discipline. “Getting started strategies”, brainstorming method, reasons to publish, and identifying strategies and sources are discussed. During the course, students will develop a six to eight page article that they intend to publish. Since writing and re-writing is an integral part of manuscript production, students will present and discuss their drafts in class and give advice to colleagues. Each face-to-face session will address the research and writing process step by step.",The aim of the study course is to teach to identify research projects relevant to interests and discipline. The tasks of the study course are: 1. To teach to formulate research questions and develop them into hypotheses. 2. To provide knowledge about relevant search strategies that include electronic and other sources. 3. To develop skills to describe research methods and explain how data will be collected and analysed. 4. To develop the ability to make a relevant literature review that identifies key studies relevant to research. 5. To teach to create an outline or mind-map to organize your writing. 6. To teach to write the first draft. 7. To teach to revise and edit your draft. 8. To teach to write an effective abstract. 9. To teach to give a PowerPoint presentation in a peer forum. 10. To teach to identify and avoid plagiarism.,There will be two main class projects. Students will be expected to draft a six to eight page article in English that reflects the quality and uses a recognized scholarly referencing format. Students will also be expected to give a ten minute PowerPoint presentation on their research topic that displays quality and professionalism. The main weight of the evaluation will be based upon the professionalism of the article; its quality and originality and mastery of English and its feasibility for the public.,"Obligātā. / Obligatory: 1. Day Robert A. and Barbara Gastel. How to Write and Publish a Scientific Paper, 7th edition Cambridge: Cambridge University Press. The best available handbook on writing scientific papers. Santa Barbara: Greenwood. (2011) New paperback edition: (2012) (at RTU library) 2. Glasman-Deal Hilary. Science Research Writing for Non-Native Speakers of English London: Imperial College Press. (2014) (Available in electronic format through Google) 3. Gustavii Bjrn. How to Write and Illustrate Scientific Papers, 2nd edition, Excellent for advice in attaching figures, diagrams, charts and all illustrations in scientific paper. Cambridge: Cambridge University Press. ( 2008) (at RTU library) (Available in electronic format) 4. Zinātniskās darbības metodoloģija: starpdisciplināra perspektīva: kolektīvā monogrāfija /K. Mārtinsones un A. Piperes zinātniskajā redakcijā; recenzenti: Dr.habil.oec. Baiba Rivža, Ph.D. Juris Dragūns, Dr.med. Ieva Reine; literārā redaktore Inta Rozenvalde; vāka mākslinieks Modris Brasliņš; Rīgas Stradiņa universitāte., 607 lpp.: ilustrācijas, portreti, shēmas, tabulas; 25 cm 5. Zinātniskā rakstīšana un pētījumu rezultātu izplatīšana / Kristīnes Mārtinsones un Anitas Piperes zinātniskajā redakcijā; autori: Uldis Berķis, Maija Dambrova, Inese Gobiņa, Kristīne Mārtinsone; Ivans Jānis Mihailovs [un vēl 7 autori]; recenzenti: PhD Daiga Kamerāde, Dr.habil.oec. Baiba Rivža, Dr.biol. Dace Tirzīte; literārā redaktore Inta Rozenvalde; mākslinieks Modris Brasliņš., 301 lpp.: ilustrācijas, portreti; 25 cm Papildu. / Additional: 1. Turabian Kate L. revised by Wayne C. Booth, Gregory G. Colomb, Joseph M. Williams, and the University of Chicago Press. A Manual for Writers of Term Paper, Theses and Dissertations, 8th editon. Chicago: University of Chicago Press (2013) 2. Katz Michael J.. Elements of the Scientific Paper: A Step-by-Step Guide. New Haven: Yale University Press (1985) 3. Rīgas Tehniskā Universitāte. Doktorantu Rokasgrāmata. Rīga. RTU izdevniecība. (2008) 4. Veikša, Ingrīda,. Autortiesības digitālajā laikmetā: monogrāfija /Ingrīda Veikša; recenzenti: Dr.iur. Jānis Grasis, Dr.iur. Vladas Tumalavičius., 457 lpp.; 20 cm. 5. Citi informācijas avoti:. / Other sources of information: 6. Strunk William. The Elements of Style, 4th edition London: Longman. (2000) 7. SCImago Journal & Country Rank. - http://www.scimagojr.com/",Basic computer skills on the Internet.,detailed_pdf_available,https://studreg.rtu.lv/reg/pub/skr/pdf/37622/en/DE0827.pdf
DE0816,Graphic Design Technologies,Compulsory/Courses of Limited Choice,3.0,"LV, EN","The study course is designed for those E-humanities Masters and Bachelors degree students, who haven’t taken Digital Graphic design study course prior to their studies. The study course provides the necessary basic knowledge about Colour Theory, Basic Principles of Composition as page layouts and objects, typography for digital Graphic Design and insights in Visual Identity as a part of Visual Branding. Students got practical training to create basic graphic layouts via Adobe InDesign, they got acquainted with the main principles of vector graphic via Adobe Illustrator and acquires image manipulation basic skills in Adobe PhotoShop. Students acquire knowledge about main Graphic design file formats, their usage and characteristics, the principles of different styles in typography and harmonious colour palettes to build up the comprehension about the principles of Visual Identity. The core of the study course is based on the fundamental correlation between theory and practice –by obtaining knowledge via theory, demonstration of theory in practice in real work simultaneously is shown to students. During the study course, students are showing reflective practice by implementing their knowledge into the practice, building up their understanding that Graphic Design is the synthesis between student’s theoretical knowledge obtained and technical skills to use the software. Students are gaining expertise in Adobe InDesign, Adobe Illustrator, Adobe PhotoShop software by creating layouts, making image manipulation, drawing simple abstract vector shapes, and upon knowledge gained in composition, Colour Theory and Typography are creating their homework, final course project and passing an exam. After completion of the study course, students must be able to perform simple lay outing jobs, with basic knowledge in prepress file preparation in PDF file format for printing house and online; must create a basic composition and Colour palette for Visual Identity project, must make standard Graphic design file (.jpg,.tiff,.png,.ai, indd,.pdf) manipulations whether with self produced or outer obtained. The study course is designed to build up multidisciplinary effectiveness by helping non design professionals-students to build up presentation materials, whether it would be conference presentation or research presentation, work with images bought from the Image Stocks (Shutterstock, Adobe Stock, iStock and many more) for their promotion and professional purposes. The study course is especially advised for translators, media library workers, strategic communication specialists, scripters to help them with presentation papers to visually excel in the fast changing professional arena.","The aim of the study course is to provide knowledge and skills that allow students to create quality digital graphic material (body of the work). Objectives of the study course: 1. To provide with basic information about the principles of Digital Graphic Design Technologies - composition, Colour Theory, typography and their means of visual expression and usage in Adobe InDesign, Adobe Illustrator and Adobe Photoshop software. 2. To teach planning and creation of layout (with the help of Adobe InDesign) with bitmap images, vector images, typography with the usage of Adobe InDesign, Illustrator, Photoshop technologies. 3. To provide students with the best practice for creating a layout. 4. To provide information and teach students to use the necessary tools to get the best results out by using composition, colour and typography. 5. To develop skills to create harmonious colour palettes, to look for compositional solutions, object interaction and placement solutions. 6. To develop skills to create quality layouts for prepress and online, basic knowledge to make image manipulation, whether the bitmap or vector ones, draw simple abstract vector shapes and compositions and implement them into the layout. 7. To develop skills to analyse own layout (body of work) from the perspective of composition, colour and typography. 8. To develop skills to generate ideas and to plan and create a mini Brandbook, as a mini Visual identity book in Adobe InDesign File format and be capable to make manipulations with bought or outsourced graphic design files for visual presentations.","In order to successfully complete the study course programme and to pay attention to practical works by learning Adobe software in workshops, it must be assumed, that all students fully have studied online materials, like webinars, lecture notes and handouts and had prepared homework, tests prior to attending practical sessions to create independent Body of Work, to create a concept, to learn to make a layout, to make analyse the Work, to prepare Body of Work for the prepress and online.","Obligātā. / Obligatory: 1. Adobe InDesign. by K.K. Anton, T. DeJarld https://www.adobepress.com/store/adobe-indesign-classroom-in- a-book-2022-release-9780137622962 (2022 release) 2. Adobe Illustrator. by B. Wood https://www.pearson.com/store/p/adobe-illustrator-classroom-in-a-book-2022- release-/P100003101932/9780137622153 (2022 release) 3. Adobe Photoshop. by C. Chavez, A. Faulkner https://www.pearson.com/store/p/adobe-photoshop-classroom- in-a-book-2022-release-/P100003101930/9780137621101 (2022 release) 4. Designing Brand Identity: An Essential Guide for the Whole Branding Team. by A. Wheeler https://www.designingbrandidentity.info (2022) 5. Thinking with Type: A Critical Guide for Designers, Writers, Editors, and Students. by Ellen Lupton https://www.amazon.com/Thinking-Type-2nd-revised-expanded/dp/1568989695 (2010) 6. The Big Book of Font Combinations. by D. Bonneville https://www.amazon.com/Big-Book-Font- Combinations-Enthusiasts/dp/0960043918 (2019) 7. Grid systems in graphic design. by J. Müller-Brockmann https://www.amazon.com/Grid-systems-graphic- design-communication/dp/3721201450 (1996) 8. Graphic Design School: The Principles and Practice of Graphic Design. by D. Dabner, S. Stewart, A. Vickress, https://www.amazon.com/Graphic-Design-School-Principles-Practice/dp/1119647118 (2022) 9. Logo Modernism. by J. Müller, R. R. Remington https://www.amazon.com/Logo-Modernism-English-French- German/dp/3836545306 (2015) 10. The Designer’s Dictionary of Color. by S. Adams https://www.amazon.com/Designers-Dictionary-Color- Sean-Adams/dp/141972391X (2017) 11. The Complete Graphic Designer: A Guide to Understanding Graphics and Visual Communication. by R. Hembree, https://www.amazon.com/Complete-Graphic-Designer-Understanding- Communication/dp/1592532594 (2006) Papildu. / Additional: 1. Know Your Onions: Graphic Design: How to Think Like a Creative, Act Like a Businessman and Design Like a God. by D. de Soto https://www.amazon.co.uk/Know-Your-Onions-Graphic-Design/dp/9063692587 (2014) 2. 100 Ideas that Changed Graphic Design. by S. Heller, V. Vienne https://www.amazon.com/Ideas-that- Changed-Graphic-Design/dp/1856697940 (2012) 3. Citi informācijas avoti:. / Other sources of information: 4. https://www.creativelive.com/. ( 2022) 5. https://www.udemy.com/. ( 2022) 6. https://www.skillshare.com/. ( 2022) 7. https://color.adobe.com/create/color-wheel. ( 2022) 8. https://coolors.co/palettes/trending. ( 2022) 9. https://mycolor.space/gradient3. ( 2022) 10. https://brandcolors.net/. ( 2022) 11. https://colorhunt.co. ( 2022) 12. https://www.aiga.org/sites/default/files/2021-03/Design-Business-and-Ethics.pdf. ( 2022) 13. Ellen Lupton et al.. Graphic Design: The New Basics, Revised and Updated http://www.amazon.co.uk/dp/161689332X.(2015) 14. Peter Dawson et al.. Graphic Design Rules: 365 Essential Design Dos and Don'ts http://www.amazon.co.uk/dp/0711233462.(2012) 15. John Ingledew. The A - Z of Visual Ideas: How to Solve any Creative Brief http://www.amazon.co.uk/dp/1856697142 (2011) 16. Adobe Creative Team. Adobe InDesign CC Classroom in a Book (Classroom in a Book (Adobe)) http://www.amazon.co.uk/dp/0321926978 (2013)","Advised, but not necessarily, basic knowledge of composition, shape and colour, branding or visual marketing. General interest in graphic design styles and trends, an understanding of the interaction, development of cultural layers between graphic design technologies and other academic disciplines is preferred. Basic computer skills, working skills with computer mouse. A general interest in multidisciplinary knowledge, understanding of co- creation, innovation as a future perspective is preferred",detailed_pdf_available,https://studreg.rtu.lv/reg/pub/skr/pdf/37610/en/DE0816.pdf
DE0814,Audio and Video Data Processing,Compulsory/Courses of Limited Choice,3.0,"LV, EN","During the study course, students will learn the filmmaking process from conception to publication. Students themselves will deal with the video production, including writing scripts, creating work plans, shooting and editing with the aim of establishing their own short film. Students will learn the basics of film planning, will gain skills in working with portable audio and video equipment, and learn to evaluate the composition, select the appropriate lighting and shoot material. In the post-production stage, students will learn the basics of video editing, they will learn to add graphic material, as well as prepare edited videos for publication on the web. With a view to preparing video of excellent quality, the study course will provide an overview of the latest tools for editing video and graphics and sound processing and effective methods of their application.","The aim of the study course is to provide knowledge and skills that allow the participants to create quality video material. The tasks of the study course: 1. to provide basic information on scriptwriting and means of visual expression in the video; 2. to teach planning and developing a video production plan; 3. to acquaint students with the best practice for managing video production 4. to provide information and teach students to select the necessary equipment, video cameras, lighting and sound equipment, video post-processing tools for video the project development; 5. to develop skills of video filming in nature and indoors, under natural and artificial lighting; 6. to develop skills of quality sound recording, processing and mixing; 7. to develop skills of video editing, post-processing and publishing video on the Internet; 8. to develop skills to plan and organize live video streaming.","Students will study the online study course content (MOOCs, webinars, lecture notes and handouts) and prepare home-works and participate in tests independently. There will be practical workshops where students will work on the preproduction, production and postproduction of a video. During the study course, students have to prepare a production plan for a short film, shoot the video, do post-production activities and publish it on YouTube. All students will have an opportunity to ask questions online and take part in discussion forums. It is expected that students will learn from the online study course content before class. This will thus be allowing them to focus on practical activities and preparation of the film during the face-to-face sessions.","Obligātā. / Obligatory: 1. Schenk S., Long B.. The Digital Filmmaking Handbook. 7th edition Course Technology. Cengage Learning. (2021), pp. 998 2. Mark Brindle, Chris Jones. The Digital Filmmaking Handbook: The definitive guide to digital filmmaking. Quercus. (2014), pp. 493 3. Kūlis, Matīss,. Saskarņu māksla: datori, grafika, dizains /Matīss Kūlis; [zinātniskie recenzenti: Jānis Ķikuts, Raitis Šmits; literārā redaktore Dace Strelēvica-Ošiņa]. Rīga: Matīss Kūlis, 2015 (Green Print), 344 lpp.: il.; 24 cm. 4. Eglīts V..... gribu uzņemt filmu. Jumava. (2003), pp. 176 Papildu. / Additional: 1. Ascher S., Pincus E.. The Filmmaker's Handbook: A Comprehensive Guide for the Digital Age. Plume. (2012), pp. 832 2. Mercado, G.. The Filmmaker's Eye: Learning (and Breaking) the Rules of Cinematic Composition. Taylor & Francis. (2013), pp. 208 3. Block B.. The Visual Story: Creating the Visual Structure of Film, TV and Digital Media. 2nd Edition Focal Press. (2007), pp. 310 4. Bowen C., Thompson R.. Grammar of the Edit 4th Edition Focal Press. (2017), pp. 298 5. Dancyger K.. The Technique of Film and Video Editing: History, Theory, and Practice. 5th Edition, Taylor & Francis. (2011), pp. 488 6. Murch W.. In the Blink of an Eye: A Perspective on Film Editing. 2nd Edition Silman-James Press. (2001), pp. 146 7. Hollyn N.. The Lean Forward Moment: Create Compelling Stories for Film, TV, and the Web. 1st Edition New Riders. (2009), pp. 384, (learning.oreilly.com) 8. Kenworthy C.. MasterShots Vol 1, 2nd 100 Advanced Camera Techniques to Get an Expensive Look on Your Low-Budget Movie. Michael Wiese Productions. (2012), pp.214 9. Musburger R. B., Kindem G. A. Introduction to Media Production: The Path to Digital Media Production. Taylor & Francis. (2009), pp. 509 10. Cinematic Storytelling:. The 100 Most Powerful Film Conventions Every Filmmaker Must Know. Michael Wiese Productions. (2005), pp. 257 11. Citi informācijas avoti:. / Other sources of information: 12. Coffee Break Film School. Short filmmaking courses on Screenwriting; Previsualization; Cinematography; Production; Lighting; Sound; Editing; Colour; Visual Effects;Graphics. https://moviola.com/ 13. Studiobinder blog on Directing; Producing; Scriptwriting and Post-Production. - https://www.studiobinder.com/blog/ 14. http://eprasmes.lv/telecentre-multimedia-academy/projekta-apmacibu-materiali/. Drukājams materiāls, kas satur videomateriāla veidotājiem noderīgas tēmas: skaņas veidošanas pamati, video veidošanas pamati, projektu vadības pamati, digitālo stāstu veidošanas pamati, audiovizuālo darbu veidošana. (interneta resursi) 15. http://elemento.lv/jaunumi/. Pieejami apkopojumi un atsauces uz skaņas ieraksta un video filmēšanas resursiem. Mācību materiāls par atsevišķām tēmām. (interneta resursi) 16. http://nofilmschool.com/. Regulāri atjaunots resurss veidots ar mērķi palīdzēt radīt labākas filmas. (interneta resursi) 17. http://www.videomaker.com/. Regulāri atjaunots resurss jaunajiem video veidotājiem ar padomiem videomateriāla veidošanai gan īsu video, gan arī aprakstu veidā. (interneta resursi) 18. http://www.lynda.com/. Bieži papildināti, kvalitatīvi kursi, kas saistīti ar grafiku, dizainu, multimediju. Lielā izvēlē ir kursi arī par video un audio tēmu. Kursi ir par maksu. (interneta resursi) 19. https://www.creativelive.com/. Televīzija radošiem cilvēkiem - ir materiāls gan par video uzņemšanu, audio apstrādi un foto. (interneta resursi) 20. http://www.udemy.com/. Pieejami kursi par video un audio materiāla sagatavošanu. (interneta resursi)","Basic skills of working with computers, multimedia and the internet.",detailed_pdf_available,https://studreg.rtu.lv/reg/pub/skr/pdf/37606/en/DE0814.pdf
IV0623,Marketing and Digital Transformation,Compulsory/Courses of Limited Choice,6.0,"LV, EN","The study course provides an in-depth understanding of the impact of digital transformation on the effective development of business environment, marketing and organizational communication.","The aim of the study course is to systematize and deepen the students' knowledge of the impact of marketing and digital transformation on the operation of the organization, to promote the application of acquired knowledge, skills and methodological abilities in the development of the organization. Objectives: • To develop students' understanding of business digitization processes; • To develop students' ability to analyze modern marketing opportunities, communication ecosystems and determine their practical use; • To develop students' ability to generate, group, select, evaluate and use different approaches to marketing and digitization; • To develop theoretical and practical knowledge of structured marketing planning, segmentation of target audience, methods of communication and marketing technology management and their application possibilities; • To promote the development of applied skills, including the ability to present individual ideas in a reasoned manner, collaborate in a team.",Independent work includes the development of an individual strategic marketing plan and solving case studies in practical classes.,"Obligātā literatūra / Mandatory Literature: Kotler, Philip,. Marketing management / Philip Kotler, Kevin Lane Keller, Mairead Brady, Malcolm Goodman, Torben Hansen., xxxiv, 942 lpp.: ilustrācijas; 29 cm Digital Transformation with Business Process Management: BPM transformation and real-world execution /published in ssociation with the Workflow Management Coalition (WFMC); foreword by Nathaniel Palmer., iv, 183 lpp.: ilustrācijas; 26 cm. Papildu literatūra / Additional Literature: Chaffey, Dave,. Digital marketing excellence: planning and optimizing your online marketing /Dave Chaffey and P.R. Smith. Abingdon, Oxon; New York: Routledge, 2017., xxvii, 660 lpp.: ilustrācijas. Visser, Marjolein. Digital marketing fundamentals: from strategy to ROI /Marjolein Visser, Berend Sikkenga, Mike Berry., 640 lpp.: ilustrācijas; 25 cm Sheridan, Marcus. They ask, you answer: a revolutionary approach to inbound sales, content marketing, and today's digital consumer /Marcus Sheridan; foreword by Krista Kotrla., xii, 226 lpp. Dibb, Sally,. Marketing: concepts and strategies /Sally Dibb, Lyndon Simkin, William M. Pride, O.C. Ferrel., xvi, 796 lpp.: ilustrācijas, tabulas; 26 cm Malhotra, Naresh K.. Marketing research: an applied approach /Naresh K. Malhotra, Daniel Nunan, David F. Birks., xvi, 957 lpp.: ilustrācijas; 27 cm Chernev, Alexander. Strategic marketing management / Alexander Chernev, Kellogg School of Management, Northwestern University; foreword by Philip Kotler., viii, 287 lpp.: ilustrācijas; 24 cm",According to the study programme,detailed_pdf_available,https://studreg.rtu.lv/reg/pub/skr/pdf/37519/en/IV0623.pdf
IV0652,Product Design and Development,Compulsory/Courses of Limited Choice; Courses of Free Choice,3.0,"LV, EN","The focus of the course is integration of the marketing, design and manufacturing functions of the firm in creating a new product/service. The course is intended to provide students with a set of tools and methods for product design and development. During the course students will develop a real prototype of a new product/service.","The goal of the course is to systematize and broaden knowledge and develop practical skills in new product development and with an aim to apply this knowledge and skills in professional situations and everyday activities. Main task of the course is to develop competences in new product planning and development, and to apply this in practice, to stimulate skills of creativity, planning and presentation.","The course is based on formation of project groups (4-6 members of the project group), who during the course are working on practical project. Project contains 5 assignments, development of prototype and presentation of the project results. Each assignment will be evaluated by grade in 10 point scale. Final grade for the course composes from: 70% evaluation of assignments; 30% evaluation of the prototype and final project presentation.","Pamatliteratūra: Karl T. Ulrih, Steven D. Eppinger ""Product Design and Development"", 6-th ed., Mc Graw Hill, 2012. or 5-th ed., Mc Graw Hill, 2008. Papildus literatūra: Inovācijas (tulkojums no angļu valodas), Rīga, Lietišķās informācijas dienests, 2009 - 112. lpp. Ābeltiņa A. Inovācija - XXI gadsimta fenomens - R.: Izdevniecība ""Turība"", 2008 - 151 lpp. Dimza V. Inovācijas pasaulē, Eiropā, Latvijā - R.: Latvijas Zinātņu akadēmijas Ekonomikas institūts, 2003, 205 lpp. Faruk A. Khan New product technology, accumulation, and growth. Washington, D.C.: World Bank, 2006.- 42 pp. Bröckel U., Meier W., Wagner G. Product design and engineering:best pratices. Weinheim: Wiley-VCH, 2007. Interneta avotos publicētā informācija, papildus lasāmviela, atbilstoši izdales materiāliem par katru nodarbību tēmu.",This subject has an integrating role. It combines knowledge gained over different study courses,detailed_pdf_available,https://studreg.rtu.lv/reg/pub/skr/pdf/37620/en/IV0652.pdf
DE0322,Fundamentals of 3D Graphics Modeling and Animation,Compulsory/Courses of Limited Choice,3.0,"LV, EN","During the study course, the students will learn the basics of three-dimensional (3D) objects modelling and animation using the existing 3D graphic modelling software. The software allows modelling, modification and animation of 3D objects, creation of textures, implementation of light sources and combination of acquired resources into 3D scenes. The basics of 3D graphics modelling will be taught, beginning with simple primitive objects to complex realistic characters. The students will also learn the basics of animation and will be able to apply realistic animation to 3D objects and combine characters, objects and scenes to create a 3D video animation. The objects and characters created during the study course can be further used for various tasks, like the creation of interactive scenes, special effects for video films, adding characters to computer games, etc.","The goal of the study course is to provide theoretical knowledge and practical skills in the modelling and animation of 3D objects. The tasks of the study course are: 1. To provide theoretical knowledge about the structure of 3D objects and characters, the basics of their modelling. 2. To provide theoretical knowledge about the basics of the 3D object and character animation. 3. To develop practical skills to apply theoretical knowledge to modelling and animation of 3D models (objects, scenes, characters).","Independent work is integrated with the learning of theoretical material and the performance of practical tasks. During the practical lessons, students realize three-dimensional scenes of various complexity, which are based on the material discussed during the lesson. After the lesson, independent work is given, where students need to supplement a started three-dimensional scene or animation depending on a defined task. The independent work is closely related to the modelling and texturing tools and materials covered during the lesson. The tasks of independent work are to deepen students' knowledge in 3D modelling and animation, as well as to analyze with which tools and according to which methodologies complex scenes, texturing objects and creating special effects can be created.","Obligātā. / Obligatory: 1. Hamad, Munir M.. AutoCAD 2021 3D modeling / Munir M. Hamad., xviii, 381 lpp.: ilustrācijas; 23 cm + 1 CD-ROM (4 3/4 in.) 2. Mullen, Tony,. Blender studio projects: digital movie-making /Tony Mullen, Claudio Andaur. Indianapolis, Ind.: Wiley Pub., ©2010., xvii, 253 lpp.: il.; 24 cm. + 1 DVD-ROM (4 3/4 in.) Papildu. / Additional: 1. Oliver Villar. Learning Blender (3rd edition) Addison-Wesley Professional, 2021 2. John M. Blain. The Complete Guide to Blender Graphics: Computer Modeling & Animation (6th edition) A K Peters/CRC Press; 2020",No prerequisites required.,detailed_pdf_available,https://studreg.rtu.lv/reg/pub/skr/pdf/35839/en/DE0322.pdf
AD0188,Architectural Morphology in Digital Humanities,Compulsory/Courses of Limited Choice,3.0,"LV, EN","The study course is focused on the acquisition of the interconnections of the structure of the spatial environment and its constituent elements. Regional, national and international influences, spatial, economic and social factors and groups involved in creating a sustainable environment are considered. Within the study course, students get acquainted with the philosophical and research aspects of the art of creating an environment; basic principles of morphological analysis; the role of social processes and functions in shaping, ecological and contextual approach, as well as tools and methods of public interpretation of scientific research activities.","The aim of the study course is to develop students' understanding of the role of the art of creating an environment in the creation of living space in society in the modern information technology age. The tasks of the study course are: - to develop an understanding of the interdisciplinary nature of spatial environment formation; - to evolve the ability to evaluate the impact of functional, aesthetic, political, economic and social processes on specific environmental development factors; - to advance the ability to choose adequate and purposeful means and methods for the problem.","To develop the application of the research project, selecting the theme, characterizing its topicality and present state of knowledge, defining the problem, goals and objectives, selected research methods, novelty of the research and ways of application of the results.","Obligātā. / Obligatory: 1. Ching, Francis D. K. Architecture: form, space, & order /Francis D.K. Ching., xiv, 447 lpp.: ilustrācijas; 28 cm Hoboken, New Jersey: Wiley, 2015 2. Gehl, Jan. Life between buildings: using public space /Jan Gehl; translated by Jo Koch. Washington, DC: Island Press, 2011., 207 lpp.: il.; 23 cm. Washington, DC: Island Press, 2011 3. Lynch, Kevin. The image of the city [elektronisks resurss]:Kevin Lynch Cambridge: The MIT Press, 1960., 175 p. The MIT Press, 1960 4. Time frames: conservation policies for twentieth-century architectural heritage /edited by Ugo Carughi and Massimo Visone., xxix, 501 lpp.: ilustrācijas; 26 cm London;New York: Routledge, 2017 Papildu. / Additional: 1. Cohen, Steven,. The sustainable city / Steven Cohen., xvi, 245 lpp.: ilustrācijas; 23 cm 2. Dzenis, Mārcis.. Conservation/Restoration of Cultural Heritage: Education and Training Problems, Results, Outlooks = Kultūras mantojuma konservācija/restaurācija: studiju problēmas, rezultāti, perspektīvas 3. Halegoua, Germaine R.,. Smart cities / Germaine Halegoua., xvii, 221 lpp.: ilustrācijas; 18 cm. 4. Frampton, Kenneth,. Modern architecture: a critical history /Kenneth Frampton. London; New York, N.Y.: Thames & Hudson, 2007., 424 lpp.: il., plāni; 21 cm. 5. Jākobsone, Jana,. Planning Instruments for Conservation of Cultural Heritage of Kuldīga = Kuldīgas kultūrvēsturiskā mantojuma saglabāšanas instrumenti 6. Jencks, Charles,. The universe in the landscape: landforms by Charles Jencks /Charles Jencks. London: Frances Linkoln, ©2011., 288 lpp.: il. 7. Jencks, Charles,. Modern movements in architecture / Charles Jencks. Garden City, N.Y.: Anchor Press, 1973., 432 lpp.: il., plāni; 21 cm. 8. Jones, Paul,. The sociology of architecture: constructing identities /Paul Jones. Liverpool: Liverpool University Press, 2011., viii, 195 lpp.: il.; 24 cm. 9. Kotkin, Joel. The human city: urbanism for the rest of us /Joel Kotkin., 312 lpp.; 22 cm 10. LaGro, James A.. Site analysis: informing context-sensitive and sustainable site planning and design /James A. LaGro Jr., xiii, 365 lpp.: ilustrācijas; 24 cm 11. Mell, Ian. Green infrastructure planning: reintegrating landscape in urban planning /Ian Mell., 160 lpp.: ilustrācijas; 21 cm. 12. Montgomery, Charles,. Happy city: transforming our lives through urban design /Charles Montgomery., 389, [1] lpp.: ilustrācijas; 20 cm 13. Pollio, Vitruvius. The ten books on architecture / by Vitruvius Pollio. [Huntington: Empire books, 2011]., 326 lpp.: il. 14. Rossi, Aldo,. The architecture of the city / Aldo Rossi; introduction by Peter Eisenman; translation by Diane Ghirardo and Joan Ockman; revised for the American edition by Aldo Rossi and Peter Eisenman. Cambridge, Massachusetts (UK): MIT Press, c1982 (1984), 201 lpp.: il., plāni; 26 cm. 15. Williams, Katie. Spatial planning, urban form, and sustainable transport / edited by Katie Williams., xii, 226 lpp.: ilustrācijas; 24 cm 16. Ziemeļniece, Aija.. The preservations problems of cultural historical heritage and landscape in Latvia / / Aija Ziemeļniece 17. Housing Estates in the Baltic Countries: the Legacy of Central Planning in Estonia, Latvia and Lithuania /edited by Daniel Baldwin Hess, Tiit Tammaru., xviii, 383 lpp.: diagrammas, ilustrācijas, kartes, tabulas; 25 cm. 18. Pedestrians, urban spaces and health: proceedings of the XXIV International Conference on Living and Walking in Cities, LWC, September 12-13, 2019, Brescia, Italy /edited by Maurizio Tira, Michèle Pezzagno, Anna Richiedei., xi, 266 lpp.: ilustrācijas; 26 cm 19. Public spaces & public life in Riga City centre / [project manager Jan Gehl; IFC Regional Office for Central Europe; Riga's Dome. Pilsētas attīstības departaments, Arhitektūras pārvalde]. København: GEHL Architects Aps, [2002]., 70 lpp.: diagrammas, ilustrācijas, plāni; 30 x 43 cm. 20. Shrinking cities: a global perspective /edited by Harry W. Richardson and Chang Woon Nam., xix, 331 lpp.: ilustrācijas; 24 cm. 21. Smart and sustainable cities and buildings / Rob Roggema, Anouk Roggema, editors., xv, 667 lpp.: ilustrācijas; 25 cm",BA degree.,detailed_pdf_available,https://studreg.rtu.lv/reg/pub/skr/pdf/37623/en/AD0188.pdf
DE0822,"Introduction to Programming, Design of E-learning Materials and Education Technologies",Compulsory/Courses of Limited Choice,6.0,"LV, EN","During the study course, students will be introduced to interactive e-learning material development technologies in education and distance learning, as well as the necessary basic skills in programming. The content of the study course consists of two parts. The first part of the study course teaches students to quickly start and apply basic programming skills to create a computer game by applying object-oriented concepts. The study course brings the physical dimension of experiences to integrate within the game application being developed. The study course is intended to give a glimpse of how a programming language be used to practically implement an idea, so that, students with or without programming experience can start off working with various aspects of digital technology. In the second part, students will explore multidisciplinary interconnections between pedagogy, technology, cognitive science, graphic design, software engineering, and human-computer interaction. Students will be introduced to the best practice of online education and e-learning development and delivery. They will practice the creation of a variety of e-learning materials and activity types as well as the meaningful application of associated learning theories.","The aim of the study course is to enhance students’ perspectives and views of programming, technology as it relates to teaching, learning, and training, as well as to enhance their skills of e-learning development and application. The tasks of the study course are: 1. to develop skills in Python programming; 2. to improve students' understanding of the modelling of physical processes in software; 3. to develop skills for creating an interactive game using object-oriented programming language; 4. to develop skills of planning, structuring and implementing multimedia e-learning objects. 5. to teach to identify and evaluate current and future technologies for use in education; 6. to encourage the ability to find and apply effective strategies and technology tools to support learning; 7. to teach designing and developing assessment activities allowing assessment of student's progress; 8. to promote the use of multimedia for the development of interactive teaching materials; 9. to promote the use of learning management systems.",Learning from educational multimedia. Taking tests. Doing activities. Practical work in programming. Group work. Collaborative work. Practical work in e-learning module planning and development.,"Obligātā. / Obligatory: 1. Paul Barry. Head First Python 2nd Edition O’Reilly, (2016), pp. 622 2. Sweigart A.. Invent Your Own Computer Games with Python Available at https://inventwithpython.com/invent4thed/ (2016), pp.376 3. Ruth C. Clark, Richard E. Mayer. e-Learning and the Science of Instruction: Proven Guidelines for Consumers and Designers of Multimedia Learning Pfeiffer, (2011).,pp.528 4. Julie Dirksen. Design for How People Learn (2nd Edition) New Riders, (2015), pp. 304 Papildu. / Additional: 1. Franklin. Python Programming: An Introduction to Computer Science 2nd Edition, Beedle & Associates, (2010) 2. Mark Lutz. Programming Python, 4th, O'Reilly Media, (2010), pp. 1632 3. Tay Vaughan. Multimedia: Making It Work Ninth Edition 9th Edition McGraw-Hill Education, (2014), pp. 504 4. Jonathan Haber. MOOCs 1st Edition, The MIT Press Essential Knowledge series, (2014), pp.248 5. Matt Miller. Ditch That Textbook: Free Your Teaching and Revolutionize Your Classroom, Dave Burgess Consulting, (2015) 6. Nicholas Provenzano, Jared Covili. Classroom in the Cloud: Innovative Ideas for Higher Level Learning, Corwin, (2015) 7. Robert A. Reiser, John V. Dempsey. Trends and Issues in Instructional Design and Technology (4th Edition) Pearson Allyn & Bacon, (2017), 8. Susan Land, David Jonassen. Theoretical Foundations of Learning Environments 2nd Edition, Routledge, (2012) 9. Citi informācijas avoti:. / Other sources of information: 10. Elektroniskie resursi. Design and Development of Educational Technology, https://www.class- central.com/mooc/2295/edx-11-132x-design-and-development-of-educational-technology 11. Elektroniskie resursi. Blended Learning with edX! https://courses.edx.org/courses/course- v1:edX+BlendedX+3T2016/ 12. Mark J. Guzdial. Introduction to Computing and Programming in Python, A Multimedia Approach, 2nd Edition, Barbara Ericson, (2009), 432 p. 13. Elektroniskie resursi. Programming for Everybody (Getting Started with Python) University of Michigan course, https://www.coursera.org/learn/python 14. Elektroniskie resursi. Python documentation: https://wiki.python.org/ 15. Richard E. Mayer. Multimedia Learning 2nd Edition Cambridge University Press, (2009), pp. 320 16. Miriam Larson, Barbara B. Lockee. Streamlined ID: A Practical Guide to Instructional Design, Routledge, (2014) 17. Roblyer M.D. Integrating Educational Technology into Teaching - 7th edition, Pearson, (2015) 18. Rena M. Palloff and Keith Pratt. Building Online Learning Communities: Effective Strategies for the Virtual Classroom - 2nd Edition, Jossey-Bass, (2007) 19. Donald L. Kirkpatrick, James D. Kirkpatrick.. Evaluating Training Programs: The Four Levels - 3rd Edition, Berrett-Koehler, (2006) 20. Kenneth L. Smith, Sandra Moriarty, Keith Kenney, Gretchen Barbatsis. Handbook of Visual Communication: Theory, Methods, and Media, Routledge, (2004) 21. Elektroniskie resursi. How to Create Your Udemy Course https://www.udemy.com/official-udemy-instructor- course/ 22. Elektroniskie resursi. Implementation and Evaluation of Educational Technology, https://courses.edx.org/courses/course-v1:MITx+11.133x_2+2T2016/ 23. Elektroniskie resursi. An Introduction to Interactive Programming in Python (Part 1) Rice University course, https://www.coursera.org/learn/interactive-python-1 24. Elektroniskie resursi. Introduction to Computer Science and Programming Using Python Introduction to Computer Science and Programming Using Python Massachusetts Institute of Technology course https://www.edx.org/course/introduction-computer-science-mitx-6-00-1x-6 25. Bonk, C. J., & Khoo, E. Adding some TEC-VARIETY: 100+ activities for motivating and retaining learners online, (2014) 26. Michael Spector. Foundations of Educational Technology: Integrative Approaches and Interdisciplinary Perspectives (Interdisciplinary Approaches to Educational Technology), 2nd Edition Routledge, (2015) 27. Caroline Haythornthwaite and Richard Andrews. E-learning Theory and Practice Sage Los Angeles, London, New Delhi, (2011)",Bachelor’s degree,detailed_pdf_available,https://studreg.rtu.lv/reg/pub/skr/pdf/37616/en/DE0822.pdf
DE0801,Scientific Modelling,Compulsory/Courses of Limited Choice,3.0,"LV, EN","The study course is included in the master study programme for students of the Faculty of Humanities and e- learning technologies who have not mastered engineering at the bachelor's level. The study course provides a transdisciplinary approach to knowledge, skills and competencies. Students acquire basic extract of the knowledge, developing a holistic view of the fundamental processes in nature in the framework of physics, environmental sciences and biology. The subject of the study course includes basic relationships in the scale from the universe to the microcosm on the atomic level and human as a substantial component of it. At the same time, students acquire a comprehension of digital modelling of the natural science processes and interconnections – graphics, diagrams, multimedia models and video explanations. Students will acquire skills of models’ practical design. The study course will develop students’ comprehension of the pedagogical efficiency of the natural science models, to assess and systematize models according to pedagogical effectiveness.","The aim of the study course is to provide an understanding of the development of models of natural sciences used in education and to teach their practical development and use in accordance with different pedagogical approaches, based on online resources. The tasks of the study course are: 1) to provide theoretical knowledge and understanding of the following topics: - solutions of digital technologies for the creation of a holistic understanding of natural processes; - digital solutions of natural processes modelling in accordance with findings of sustainable pedagogy and psychology; - critical comprehension of use of digital modelling; - types of natural processes models, systematization, standards and application. 2) to develop the following skills: - to exercise suitable natural processes models in contemporary e-learning environments in accordance with findings of pedagogy and psychology of knowledge society. - to choose the most appropriate type and tool for modeling natural processes and to create digital teaching material; 3) to teach competencies to create educational and holistic digital content teaching materials with an understanding of the course of natural processes.","Students must study learning material, available in the e-learning environment. They must get involved in discussions, and take 8 internet tests. Students must design their own course assessment on the natural sciences, including natural science models. They must assess in accordance with evaluation criteria, and express complementary ideas on improvements of no less than 2 course mates’ assessments.","Obligātā. / Obligatory: 1. Bates, A. W.. Teaching in a digital age: Guidelines for designing teaching and learning. (2015) 2. Clark, R. C., & Mayer, R. E.. E-learning and the science of instruction: Proven guidelines for consumers and designers of multimedia learning. John Wiley & sons. (2016) 3. Richard E. Mayer. Multimedia Learning 6 new principles - signalling, segmenting, pertaining, personalization, voice and image principles (2009) (lasīt Google) Papildu. / Additional: 1. Garrison, D. R.. E-learning in the 21st century: A community of inquiry framework for research and practice. Routledge. (2016) 2. Zheng, Robert. Cognitive Effects of Multimedia Learning (2008) 3. Richard E. Mayer. The Cambridge Handbook of Multimedia Learning (2014) 4. Kalyuga, Slava. Managing Cognitive Load in Adaptive Multimedia Learning (2008) (Google e-grāmata) 5. Phillips, Robin. The Developer's Handbook of Interactive Multimedia (Lecturer, Computing Centre, Curtin University of Technology, Australia) (2014) (1x – 1997.) 6. Citi informācijas avoti:. / Other sources of information: 7. MOOC.org https://www.mooc.org/. - tiešsaistes kursi internetā 8. Elizabeth Thoman and Tessa Jolls. Media Literacy: A National Priority for a Changing World Why Use Multimedia in Science Education http://www.medialit.org/reading-room/media-literacy-national-priority- changing-world (interneta resursi) 9. UNESCO’s ICT Competence Framework for Teachers. http://unesdoc.unesco.org/images/0021/002134/213475e.pdf (interneta resursi) 10. The Networked Student Model for Construction of Personal Learning Environments:. Balancing Teacher Control and Student Autonomy by Wendy Drexler Australasian Journal of Educational Technology (2010) / 26(3) / pp. 369-385 11. Ruth C. Clark, Richard E. Mayer. E-learning and the Science of Instruction: Proven Guidelines for Consumers and Designers of Multimedia Learning (2011) (var lasīt Amazon) 12. Garrand, Timothy Paul. Writing for multimedia and the Web (2006) 13. Richard E. Mayer. Multimedia Learning 6 new principles - signalling, segmenting, pertaining, personalization, voice and image principles (2009) (lasīt Google) 14. Instructional Design for Multimedia Learning. Rakstu krājums (2004) (lasīt Google) 15. Tom Boyle. Design for Multimedia Learning (1997) 16. Why Use Multimedia in Science Education?. http://science.kqed.org/quest/files/imp/QUESTWhyMedia.pdf (interneta resursi) 17. Multimedia Gallery. Explore our interactive and print resources on climate change. http://www.epa.gov/climatechange/science/multimedia.html (interneta resursi) 18. 10 reasons to use multimedia in science teaching. http://reesfilms.com/advantages-of-using-multimedia-in- teaching-electrochemistry/ (interneta resursi) 19. Growth within Planetary Boundaries. http://d396qusza40orc.cloudfront.net/flex- susdev/ISD%20Chapter%206.pdf (interneta resursi) 20. Dažādi kursi multimedijās. Multimedia Science School Portal. http://www.multimediascienceschoolportal.com/, http://multimediascienceschool.com/ (interneta resursi) 21. Sistematizācija, saites, multimedijas: Using Multimedia Tools to Help Students Learn Science. Sistematizācija, saites,(Research Center - Center for Implementing Technology in Education: Multimedia Technologies) http://www.cited.org/index.aspx?page_id=148#sim (interneta resursi)",Basic computer skills.,detailed_pdf_available,https://studreg.rtu.lv/reg/pub/skr/pdf/37593/en/DE0801.pdf
DE0800,Python Programming Language,Compulsory/Courses of Limited Choice; Courses of Free Choice,3.0,"LV, EN","Within the study course, students are introduced to the possibilities of the programming language Python and the principles of software development. The study course provides an introduction to the programming language Python and its use in solving practical tasks. The study course covers the stages of software development, program structure, cyclic constructions, functions, procedures, arrays, symbol strings, text files, objects, as well as the use of libraries to solve specialization-related tasks. The study course also covers the use of Python modules, which allow students to add to the functionality of the programming language by reducing software development time and program code length. Upon completion of the study course, students will gain knowledge and practical experience that will allow them to use Python to solve typical tasks in their field of specialization.","The aim of the study course is to provide students with the basics of programming in Python and develop their awareness of the possibilities of its use for solving various tasks related to the field of study. Tasks of the study course: * to ensure mastering of software development stages; * to ensure the mastering of the principles of Python language syntax, construction, and program structure; * to ensure the acquisition of input data control, information integrity checks, task automation basics and user interface design; * to ensure the acquisition of the possibilities of using external resources for solving certain tasks.","Students get ready for the laboratory works, perform exercises and independent tasks using development environments designed for specific tasks.","Obligātā/Obligatory: 1. Programmatūras inženierijas katedra. Digitālie lekcijas mācību materiāli tiešsaistē 2020. 2. Brian Kokensparger. Guide to Programming for the Digital Humanities: Lessons for Introductory Python 2018. Papildu/Additional: 3. Dr. Charles Russell Severance. Python for Everybody: Exploring Data in Python 3 2016. 4. Al Sweigart. Automate the Boring Stuff with Python, 2nd Edition: Practical Programming for Total Beginners 2019.",Basic computer skills.,detailed_pdf_available,https://studreg.rtu.lv/reg/pub/skr/pdf/37592/en/DE0800.pdf
DE1002,Theory and Practice of Natural Language Processing,Compulsory/Courses of Limited Choice,6.0,"LV, EN","Natural language processing is an interdisciplinary field that studies methods and models enabling computers to process, understand, and generate human (natural) language. Within the study course, students learn the main concepts of natural language processing, its various practical applications and the methods used to implement them, as well as the skills for evaluation and interpretation of the obtained results. For solving practical natural language processing tasks, students learn appropriate software tools.","The aim of the study course is to provide students with the theoretical and practical knowledge in natural language processing and its practical applications. The tasks of the study course: - to develop students’ understanding of the basic concepts of natural language processing and the tasks it solves; - to develop students’ skills to identify and choose natural language processing methods suitable for solving specific tasks; - to improve students’ skills to apply these methods in practice, as well as to evaluate and interpret the obtained results; - to develop students’ skills to use software tools appropriate to specific natural language processing problems.","Individual assignments involve solving theoretical and practical tasks where students apply the knowledge acquired during the study course on natural language processing, its methods, and appropriate software tools.","Obligātā. / Obligatory: 1. Steven Bird, Ewan Klein, Edward Loper. Natural Language Processing with Python (http://www.nltk.org/book/) 2. Jay Alammar, Maarten Grootendorst. Hands-On Large Language Models: Language Understanding and Generation 2024, 425. p. (https://www.llm-book.com/) 3. Dan Jurafsky, James H. Martin. Speech and Language Processing 3rd ed. draft Prentice Hall, 2021, 1032 p. (http://web.stanford.edu/~jurafsky/slp3/) Papildu. / Additional: 1. Christopher Manning, Hinrich Schütze. Foundations of Statistical Natural Language Processing MIT Press, Cambridge, MA, 1999, 655 p. 2. Alexander Clark, Chris Fox, Shalom Lappin (eds.). The Handbook of Computational Linguistics and Natural Language Processing Wiley-Blackwell, 2010, 802 p. 3. Anne O'Keeffe, Michael McCarthy (eds.). The Routledge Handbook of Corpus Linguistics London: Routledge, 2010, 682 p.",Python programming fundamentals.,detailed_pdf_available,https://studreg.rtu.lv/reg/pub/skr/pdf/38201/en/DE1002.pdf
DE0803,Terminology and Terminography,Compulsory/Courses of Limited Choice,3.0,"LV, EN","The study course provides students with information on terminology creation, application and alignment, as well as terminography management systems. The study course introduces information about planning activities and electronic management of terminology, which spans a range of interdependent phases, such as organizing documentation and capturing data from running text, storing, editing, maintaining and updating data using various data structures. Throughout the study course, students are encouraged to broaden their individual knowledge and understanding of the study course as well as to undertake independent reading both to supplement and consolidate what is being taught. Students share the samples of compiling personal term data bank for peer evaluation and discuss successful term creation strategies, common difficulties, and the ways of solving a variety of terminology alignment related issues.","The primary goal of the study course is to expand the students’ knowledge of both the design and user possibilities of terminology application and its management systems. Particular attention will be paid to new and developing subject areas such as knowledge representation and transfer, meaning-formation and term-creation patterns, information technology tools, expert systems and terminological databases. Objectives of the study course: • to develop student skills to critically examine the concept of ‘term’ and the possibilities of meaning description; • to acquaint students with the principles of traditional terminology and promote their interest in the research of the new directions; • to develop student skills to analyse the methods and principles of modern theories of terminology and terminography.",Developing individual learning strategies for mastering conventions of term-formation; presenting personal term bank in the respective scientific technical field with text samples from various sources.,"Obligātā. // Obligatory: 1. Baltiņš, M. (red.). Terminoloģija: Teorija, Vēsture, Prakse. LU Akadēmiskais apgāds, 2024. 2. Iļinska, Larisa,. Green Light for Terminology Development: Chapter 21/ Larisa Iļinska, Marina Platonova, Tatjana Smirnova 3. Cabré, M. Teresa. Terminology: theory, methods and applications /M. Teresa Cabré; ed. by Juan C. Sager; transl. by Janet Ann DeCesaris Amsterdam; Philadelphia: John Benjamins Publ. Co, cop. 1999, XII, 247, [1] p.: diagr. 4. Dynamics and terminology: an interdisciplinary perspective on monolingual and multilingual culture-bound communication /edited by Rita Temmerman, Vrije Universiteit Brussel; Marc Van Campenhoudt, ISTI - Haute École de Bruxelles., vi, 305 lpp.: ilustrācijas; 25 cm. 5. Mitchell, J. B. A.. A practical guide to scientific and technical translation: publishing, style and terminology /James Brian Alexander Mitchell, Anca Irina Florescu-Mitchell., xii, 173 lpp.: ilustrācijas; 24 cm 6. Baltiņš. M. (red.). Terminoloģija: Terorija, Vēsture, Prakse. Latvijas Universitāte, 2024. 7. Terminrade Latvijā senāk un tagad: Latvijas Zinātņu akadēmijas Terminoloģijas komisijas 70 gadu jubilejas konferencei veltīts īsrakstu krājums /[atbildīgais par izdevumu Māris Baltiņš; redaktores: Ieva Jansone, Regīna Jozauska; recenzenti: Ina Druviete, Zaiga Ikere]; Latvijas Zinātņu akadēmijas Terminoloģijas komisija. Rīga: Zinātne, ©2016 (Drukātava), 158, [1] lpp.: tabulas; 21 cm. 8. Skujiņa, Valentīna,. Latviešu terminoloģijas izstrādes principi / V. Skujiņa; recenzenti: D. Nītiņa, J. Baldunčiks; Latvijas Zinātņu akadēmija. LU Latviešu valodas institūts. Rīga: Latviešu valodas institūts, 2002., 223, [1] lpp.: shēmas; 20 cm. 9. Platonova, Marina.. Terminu darināšana un lietošana tematiskajā laukā ""vide un ekoloģija"": kontrastīvā analīze = Term Formation and Application in the Thematic Field ""Environment and Ecology"": Contrastive Analysis: promocijas darba kopsavilkums/ M.Platonova; Latvijas Universitāte. Humanitāro zinātņu fakultāte; zin. vad. A.Veisbergs. Rīga: Latvijas universitāte, 2011., 54 lpp. Papildu. // Additional: 1. Meaning in Translation: illusion of precision /edited by Larisa Ilynska and Marina Platonova., xiii, 463 lpp.: diagrammas, ilustrācijas, tabulas; 22 cm 2. Iļinska, Larisa,. Coinage and Application of Metaphoric Terms in Scientific and Technical Texts: Contrastive Approach / Larisa Iljinska, Tatjana Smirnova, Marina Platonova 3. Platonova, Marina,. Striving for Precision: Biblical Allusions in Terminology: Chapter 10/ Marina Platonova 4. Platonova, Marina,. Beyond Colour: The Evolution of Meaning Representation / Marina Platonova, Larisa Iljinska 5. ISO 1087-12000. Terminology work – Vocabulary – Part 1: Theory and application.. Geneva: International Organization for Standardization. 6. ISO 704 2009. Terminology work – Principles and methods. Geneva: International Organization for Standardization.","English language skills at level B2 according to CEFR, if the study course is acquired in English.",detailed_pdf_available,https://studreg.rtu.lv/reg/pub/skr/pdf/37595/en/DE0803.pdf
BM0758,Technologies for Digitisation of Culture Heritage objects,Courses of Free Choice,3.0,"LV, EN","The study course includes a general insight into the acquisition of geometric information on Culture Heritage objects using photogrammetry, laser scanning, image processing and other methods of obtaining geometric information. The study course deals with the principles of documenting historical objects, applied methods, graphic formats in 2D and 3D graphic environments. Also, the possibilities of creating an information system for cultural and historical objects, making the objects virtually accessible to the general public, are considered.","The aim of the study course is to acquaint students with various methods of digitization of cultural objects and preparation of historical research data for the further research process. The tasks of the study course are: 1. To provide knowledge about cultural and historical objects, their significance in culture. 2. To form an understanding of the methods of obtaining geometric information. 3. To provide knowledge and to develop an understanding of the creation of a digital 3D model. 4. To develop skills for applying digital results in Virtual Devices. 5. To develop social skills: group work, critical thinking, problem-solving skills. 6. To provide information on the use of data on areas for sustainable development and integration of social culture.","Each student carries out research work with literature, preparation of a report, documentation of a small object and virtual representation of the results. During the study process, documentation of a cultural-historical object and production of a 3D model is performed.","Obligātā / Obligatory 1. Paul A. Longley, Hoboken, N.J. Geographic information systems and science Wiley, 2015., xvi, 477 lpp.: ilustrācijas; 28 cm. Wiley, 2015 2. DeMers, Michael N. GIS for dummies Indianpaolis, IN: Wiley Pub., inc., 2009., xvii, 360 lpp.: il.; 24 cm. 3. George Vosselman, Hans-Gerd Maas Dunbeat. Airborne and terrestrial laser scanning Whittles Publishing, c2010, xvii, 318 lpp. 4. Kraus, Karl. Photogrammetry: geometry from images and laser scans Berlin;New York: Walter de Gruyter, 2007 Papildu / Additional 1. J.Krastiņš. Rīgas arhitektūras stili Rīga, 2005 2. H.Pottmann, A. Asprel, M. Hofer, A. Kilian. Architectural Geometry Exton, Pennsylvania,2007 3. Th. Luhmann, St. Robson, St. Kyle, I. Harley. Close range photogrammetry whittlespublishing.com, 2006",Basic knowledge of computer technology.,detailed_pdf_available,https://studreg.rtu.lv/reg/pub/skr/pdf/37607/en/BM0758.pdf
DE0812,Linguistic Analysis of Visual Culture,Courses of Free Choice,3.0,"LV, EN","The study course is intended for the master level students of either engineering or humanities study programs and is aimed at investigating the historical and contemporary dimensions of diverse visual culture from a linguistic perspective, exploring it from aesthetic, critical, literary, and experiential viewpoints. The students are expected to benefit greatly from an intellectually-rigorous study environment, which is intended to boost their interdisciplinary thinking and explore new levels of cultural and linguistic awareness. Exploring the facets of visual culture through the prism of linguistic analysis, the students are going to develop better visual literacy, understand the linkage between language and the forms of visual culture, get acquainted with the different forms of visual culture, analyse these issues in a multilingual and multicultural environment, learn the concept of intermediality and its role on the perception of societal activities. The balance between the theoretical and practical classes is attained across a range of topics, including: contemporary visual culture, analysis of visual culture disciplines, avant-garde visual culture activities, i.e. comics and videogaming, digital tools of its analysis, visualism and imagery in media and advertisement, linguistic analysis of different visual culture instances, visual metaphor, different manifestations of visual art.","The aim of the study course is to introduce students to a wide range of ongoing debates on the study and the role of visual culture in modern society. The tasks of the study course: 1) to acquaint the students with the theoretical premises of Anglo-Saxon and German origin, comparing the notions of visual culture and image science 2) to develop students’ skills to empirically analyse different case studies investigating the connection of visualiasm and language; 3) to develop students' conceptual framework in which they should be able to assess the manifestations of different instances of visual culture in different linguistic instances and their common role in contemporary society; 3) to provide students with information on how different forms of visual culture produce and shape meanings and how these meanings are further created, expressed, analysed, understood, transferred by the means of linguistic tools.",Analysing interconnection between different manifestations of visual culture and language tools; exploring how the meaning is constructed in visual culture and how it gets interpreted in written speech; submitting individually developed case studies.,"Obligātā. / Obligatory: 1. Gerard J. Steen. Visual Metaphor: Structure and process John Benjamins Publishing Company, 2018 2. Platonova Marina. Poster, Poster on the Wall, Do you Really Mean It All? Decoding Visual Metaphor ‘Global Warming’ in Public Awareness Campaigns De Gruyter. Research in Language, 2019, Vol.17, No.2, 147.- 166.lpp. Pieejams: doi:10.2478/rela-2019-0010 3. Ian Heywood, Barry Sandywell. The Handbook of Visual Culture Bloomsbury Publishing, 2017 4. Klaus Hentschel. Visual Cultures in Science and Technology Oxford Univ. Press, 2014 5. Kūlis, Matīss,. Saskarņu māksla: datori, grafika, dizains /Matīss Kūlis; [zinātniskie recenzenti: Jānis Ķikuts, Raitis Šmits; literārā redaktore Dace Strelēvica-Ošiņa]. Rīga: Matīss Kūlis, 2015 (Green Print), 344 lpp.: il.; 24 cm. 6. Krastiņš, Jānis,. Modernās kustības arhitektūra: saknes un strāvojumi pasaulē un Latvijā = Architecture of Modern Movement: Roots and Currents in the World and in Latvia/ Jānis Krastiņš, Juris Dambis; tulkojums angļu valodā: Inta Liepiņa, Jānis Krastiņš... [u.c.]. Rīga: Nacionālā kultūras mantojuma pārvalde, 2021., 207 lpp.: ilustrācijas, plāni 7. Studija: vizuālo mākslu žurnāls = visual arts magazine., sēj.: ilustrācijas; 28-30 cm. 8. Ozola, Elizabete. Cilvēks krāsu pasaulē: ievads koloristikā /Elizabete Ozola; [Aijas Andžānes vāka grafiskais noformējums; atbildīgā redaktore Jūlija Dibovska]. [Rīga]: J.L.V., [2015]., 244, [1] lpp.: il., tab.; 20 cm. Papildu. / Additional: 1. Margarita Dikovitskaya. Visual Culture: The Study of the Visual After the Cultural Turn MIT Press, 2005 2. James Elkins, Maureen Burns, Kristi McGuire, Alicia Chester, Joel Kuennen. Theorizing Visual Studies: Writing Through the Discipline Routledge, 2013 3. Ernst van Alphen, Ernestus Johannes Alphen. Art in Mind: How Contemporary Images Shape Thought University of Chicago Press, 2005 4. Volker Depkat, Meike Zwingenberger. Visual Cultures - Transatlantic Perspectives Universitätsverlag Winter, 2012 5. Marquard Smith. Visual Culture Studies: Interviews with Key Thinkers SAGE, 2008 6. Nicholas Mirzoeff. An Introduction to Visual Culture Art history/cultural studies Psychology Press, 1999 7. Don Ihde. Expanding Hermeneutics: Visualism in Science Northwestern University Press, 1998 8. Sal Soraci, Kimiyo Murata-Soraci. Visual Information Processing Perspectives on Fundamental Processes in Intellectual Functioning Series Greenwood Publishing Group, 2003 9. John A. Walker, Sarah Chaplin. Visual Culture: An Introduction Manchester University Press, 1997 10. Joanne Morra, Marquard Smith. Visual Culture: What is visual culture studies? Taylor & Francis, 2006 11. Whitney Davis, George C and Helen N Pardee Professor of Art Historyancient Modern & Theory Whitney Davis. A General Theory of Visual Culture Princeton University Press, 2011 12. Richard Howells, Joaquim Negreiros. Visual Culture Polity, 2012 13. Frank Bramlett. Linguistics and the Study of Comics Springer, 2012 14. Victoria Bogushevskaya and Elisabetta Colla. Thinking Colours: Perception Cambridge Scholar Publishing, 2015 15. Latesh Kumari. LINGUISTIC ANALYSIS OF CURRENT ADVERTISEMENT A SOCIO LINGUISTIC STUDY Horizon Books ( A Division of Ignited Minds Edutech P Ltd), 2014 16. Ewen, Stuart. All Consuming Images: The Politics of Style in Contemporary Culture New York, NY: Basic Books, 1988 17. Oliver Grau. Virtual Art. From Illusion to Immersion MIT-Press, Cambridge/Mass. 2003 18. Astrid Ensslin. The Language of Gaming Macmillan International Higher Education, 2011 19. Hannah R. Gerber, Sandra Schamroth Abrams. Bridging Literacies with Videogames Gaming Ecologies and Pedagogies Series Springer, 2014 20. Miguel Á. Bernal-Merino. Translation and Localisation in Video Games: Making Entertainment Software Global Routledge Advances in Translation and Interpreting Studies Routledge, 2014 21. Angela Goddard. The Language of Advertising: Written Texts Psychology Press, 2002 22. Wolfe Mays, Stuart Brown. Linguistic Analysis and Phenomenology Springer, 1972 23. Michael O'Toole. The Language of Displayed Art Fairleigh Dickinson Univ Press, 1994 24. Donald Preziosi. Architecture, Language, and Meaning: The Origins of the Built World and its Semiotic Organization Walter de Gruyter, 2012 25. Anna Bentkowska-Kafel, Trish Cashen, Hazel Gardiner. Digital Visual Culture: Theory and Practice Intellect Books, 2009 26. Chris Bailey, Hazel Gardiner. Revisualizing Visual Culture Digital Research in the Arts and Humanities Routledge, 2016 27. Erik Champion. Critical Gaming: Interactive History and Virtual Heritage Digital Research in the Arts and Humanities Routledge, 2016","English language skills at level B2 according to CEFR, if the study course is acquired in English.",detailed_pdf_available,https://studreg.rtu.lv/reg/pub/skr/pdf/37604/en/DE0812.pdf
DE0704,Digital Rhetoric,Compulsory/Courses of Limited Choice,3.0,"LV, EN","The study course introduces the fundamental notions of Digital Rhetoric, it covers the main themes of digital rhetoric: classical rhetoric, visual rhetoric, human-computer interaction, the survey of theories on digital rhetoric, network rhetoric.","The goal of the study course is to teach students the fundamentals of digital rhetoric. Objectives of the study course: 1. to define the subject of digital rhetoric; 2. to develop student ability to investigate the theories of digital rhetoric; 3. to acquaint students with digital rhetoric and its relation to classical rhetoric theory; 4. to introduce definitions, approaches and methods of studies; 5. to develop student skills to analyse rhetoric functions of the media and new media, human-computer interaction (HCI), and other interdisciplinary fields including Internet studies.","Regular, individual work with theoretical literature and other information sources. Report on application of digital rhetoric.","Obligātā. / Obligatory: 1. Zappen, James P. Digital Rhetoric: Toward an Integrated Theory. Technical Communication Quarterly, 14(3), 319–325, 2005 https://homepages.rpi.edu/~zappenj/Vita/DigitalRhetoric2005.pdf 2. Brooke, Collin G. To affinity... and beyond! Rhetoric From a Network Perspective. University of Illinois at Urbana-Champaign, 2011 https://library.oapen.org/bitstream/handle/20.500.12657/24037/1006096.pdf?sequence=1 3. Theorizing digital rhetoric / edited by Aaron Hess and Amber Davisson., xvi, 247 lpp.: ilustrācijas; 23 cm 4. Digital ethics: rhetoric and responsibility in online aggression /edited by Jessica Reyman and Erika M. Sparby., xxvii, 254 lpp.: ilustrācijas; 24 cm 5. Cīrule, Katrīna. Pārliecinošas runas ceļvedis: palīgs ikvienam, kurš vēlas prezentēt sevi un savas idejas spilgti un atmiņā paliekoši /Katrīna Cīrule; redaktore Aiga Veckalne; maketētāja Lilija Rimicāne; ilustrāciju un vāka dizaina autore Beatrise Birina., 247 lpp.: ilustrācijas; 22 cm 6. Kramiņš, Edgars,. Retorikas rokasgrāmata: runāsim skaidri, spilgti, iedarbīgi! /Edgars Kramiņš; [zinātniskā konsultante Ausma Špona; grāmatas vāka autors Kārlis Blūms; fotogrāfs Andris Tone]. Rīga: Biznesa augstskola ""Turība"", 2016 (Jelgavas tipogrāfija), 624 lpp.: ilustrācijas, shēmas, tabulas; 21 cm. 7. Milēviča, Inga. Veiksmes retorika / Inga Milēviča; recenzenti: Dr.philol. Dite Liepa, Dr.sc.soc. Renāte Cāne., 253 lpp.: diagrammas, ilustrācijas, tabulas; 25 cm Papildu. / Additional: 1. Lehtonen, Jaakko,. Riska un krīzes komunikācija: monogrāfija par pamatprincipiem ar labās un sliktās prakses piemēriem /Jāko Lehtonens, Ruta Siliņa, Baiba Ābelniece. Rīga: Turība, 2011 (Jelgavas tipogrāfija), 198 lpp.: ilustrācijas; 20 cm. 2. Warnick, Barbara. Rhetoric Online: Persuasion and Politics on the World Wide Web. New York: Peter Lang, 2007 3. Barthes, Roland. Image-Music-Text. London: Fontana, 1977 4. Covino, William. Magic, Rhetoric, and Literacy. New York: SUNY Press, 1944 5. Kraģis, Indars,. Oratora meistarība: publiskās runas teorija un prakse /Indars Kraģis; atbildīgā redaktore Kristīne Lapiņa; ilustrācijas: Silvija Kraģe; vāka grafiskais noformējums: Margarita Stoka., 262, [1] lpp.: ilustrācijas, tabulas; 21 cm 6. Hill, Charles, & Helmers, Marguerite (Eds.). Defining Visual Rhetorics. Mahwah, NJ: Lawrence Erlbaum, 2004 7. Johnson-Eilola, Johndan. Among Texts. In Stuart Selber (Ed.), Rhetorics and Technologies: New Directions in Writing and Communication. Columbia, SC: University of South Carolina Press, 2010 8. Terranova, Tiziana. Network Culture: Politics for the Information Age. London: Pluto Press, 2004 9. Iļinska, Larisa,. Rhetoric of Science: Strategic Use of Language / Larisa Iļinska, Oksana Ivanova, Zane Seņko","English language skills at level B2 according to CEFR, if the study course is acquired in English.",detailed_pdf_available,https://studreg.rtu.lv/reg/pub/skr/pdf/37341/en/DE0704.pdf
DE0724,Introduction to Data Corpus Analysis in Humanities,Compulsory/Courses of Limited Choice,3.0,"LV, EN","Interdisciplinary insights are essential for realizing the full potential of corpus-assisted analysis methods that deal with processing rich social and cultural data. In order to capture a range of ideas and identify commonalities that resonate with the body of research in the field, within the study course it is planned to consider different approaches to corpus-assisted studies in humanities. The study course covers a set of crucial questions in corpus studies, including conceptualisation, data selection and operationalisation, analysis and interpretation of results. The study course consists of two blocks covering the theory and practice of corpus compilation and processing. In the theoretical part, students are invited to consider a number of diverse case studies and analyse the problems of building different types of corpora. The practical part is devoted to experiments with the corpus of fanfics (i.e., amateur interpretations of commercial texts) explicitly tailored for the needs of the study course. The selected research material allows scholars of different backgrounds and pursuing different research interests (such as socio-linguistics, media studies, translation studies, literary studies, and anthropology) to analyse research questions on its basis.",The aims of the study course are to introduce students: * to different approaches to corpus-assisted studies in humanities; * to the main aspects and problems of corpora creation. The tasks of the study course are to develop students' ability: * to observe cultural trends and subject them to the quantitative investigation; * to conduct interdisciplinary research; * to conduct corpus analysis.,Getting ready for two seminars where students will have to demonstrate a critical understanding of academic texts in the field of corpus-assisted studies in humanities; independent research project made based on students' corpora; small report and presentation of the project.,"Obligātā. / Obligatory: 1. Nguyen, Ha Hoang. A first course in digital communications / Ha H. Nguyen, Ed Shwedyk. Cambridge: Cambridge University Press, 2015., xvi, 546 lpp.: ilustrācijas; 26 cm. 2. Nguyen, D.-P. Text As Social and Cultural Data: A Computational Perspective on Variation in Yext. Universiteit Twente, 2017 3. Eds. McCarthy, M. and Anna O'Keeffe. The Routledge Handbook of Corpus Linguistics. London and New York: Routledge, 2022. https://www.diva-portal.org/smash/get/diva2:1666490/FULLTEXT01.pdf 4. Corpus Linguistics and Translation Tools for Digital Humanities: research methods and applications /edited by Stefania M. Maci, Michele Sala., xii, 227 lpp.: tabulas; 24 cm Papildu. / Additional: 1. Di Cristofaro, Matteo. Corpus Approaches to Language in Social Media. Routledge, 2023. 2. Moretti, F. Distant Reading. London and New York: Verso, 2013 3. Boyd, R., and P. Richerson. Culture and the Evolutionary Process. Chicago, IL: University of Chicago Press, 1985 4. Eds. Taylor, C. and Anna Marchi. Corpus Approaches to Discourse: A Critical Review. London and New York: Routledge, 2018. 5. Eds. Coppa, F. The Fanfiction Reader: Folk Tales for the Digital Age. University of Michigan Press, 2017. 6. Repko, A. F and Rick Szostak. Interdisciplinary Research: Process and Theory. Los Angeles: Sage, 2017. 7. Laucis, Rolands,. Evaluation of Word Embedding Models in Latvian NLP Tasks Based on Publicly Available Corpora / Rolands Laucis, Gints Jēkabsons 8. Eds. Maggie Charles, Ana Frankenberg-Garcia. Corpora in ESP/EAP Writing Instruction Preparation, Exploitation, Analysis. Routledge, 2021.",Programming skills; optionally the knowledge of Python or any other programming language.,detailed_pdf_available,https://studreg.rtu.lv/reg/pub/skr/pdf/37361/en/DE0724.pdf
DE0818,"Research of Culture, Language and Technology Synergy in Latvia",Courses of Free Choice,6.0,"LV, EN","The main emphasis of the study course is made on the interaction between culture, language, and technology in Latvia in the historical perspective and today. The study course provides an overview of sculpture, painting, literature in the territory of Latvia as being a result of the synergy of historical processes.","The aim of the study course: to ensure students acquire theoretical knowledge and develop their practical skills about the interaction between culture, language, and technology in the territory of Latvia over the centuries. The objectives of the study course: 1. To develop students’ understanding of the terms and methods used in culture, language, and technology interaction. 2. To develop students’ presentation skills using digital technologies that can be used practically to inform the society.","Students independently collect information about various sculptures, paintings, literature in the territory of Latvia and the history of Riga Polytechnicum / Riga Polytechnic Institute / Riga Technical University, individually or in a team, preparing the interpretation of the tasks issued in the study course using digital technologies.","Obligātā. // Obligatory: 1. Latvijas Mākslas vēsture (Art History of Latvia) Rīga: Institute of Art History of the Latvian Academy of Art: Art History Research Support Foundation, 2014–2019. 2. Latvia and Latvians: collection of scholarly articles. Riga: Latvian Academy of Sciences, 2018. 3. Sollinger, G. Zigmunde A. From Airplanes to Rockets - Friedrich Zander and Early Aviation in Riga. Rīga: RTU, 2018. Papildu. // Additional: 1. Latvija 1918–2018. Valstiskuma gadsimts, Mansards, 2018. 2. Lamberga, D. Latvijas māksla simbolisma laikmetā. Rīga: Neputns, 2019. 3. Berelis, G. Latviešu literatūras vēsture. Rīga, 2012. 4. Ceļā uz latviešu tautu. On the Road to Becoming Latvian. Rīga: Latvijas Nacionālais vēstures muzejs, 2016, 2018. 5. Birzulis F. J. The Latvian ABC. Riga: The Latvian Institute, 2020 6. Cielava, S. Vispārīgā mākslas vēsture: mācību līdzeklis. Rīga: Zvaigzne ABC, 2016 7. Latvijas mākslas vēsture 21. gs.: pieredze, novitātes, eksperimenti: kongresa referāti. Rīga: Latvijas Zinātņu akadēmija: Latvijas Mākslas akadēmijas Mākslas vēstures institūts, 2008. 8. Citi informācijas avoti. // Other sources: 9. Latvijas Nacionālais mākslas muzejs (Latvian National Museum of Art) http://www.lnmm.lv/ 10. Dekoratīvās mākslas un dizaina muzejs (Museum of Decorative Arts and Design) http://www.lnmm.lv/lv/dmdm/misc/video/dekorativas-makslas-un-dizaina-muzejs/ 11. Rakstniecības un mūzikas muzejs http://rmm.lv/ 12. Rīgas vēstures un kuģniecības muzejs (Museum of the History of Riga and Navigation) http://www.rigamuz.lv/en/ 13. RTU Vēstures muzejs (RTU History Museum) https://www.rtu.lv/lv/muzejs 14. Latviešu gleznotāji. https://www.fenikssfun.com/kultura/latviesu-gleznotaji-iegaume-8952","Basics of Latvian history, work with a computer, camera, video camera.",detailed_pdf_available,https://studreg.rtu.lv/reg/pub/skr/pdf/37612/en/DE0818.pdf
DE1066,Digital Semantics and Pragmatics,Courses of Free Choice,3.0,EN,"The study course is primarily aimed at developing advanced and highly specialized proficiency level competences and skills of the students mastering study programmes in humanities, interdisciplinary STEM+, and information technology. Along with a comprehensive overview of the fundamental issues associated with the retrieval, collection, organization, and processing of semantic and pragmatic data (semantic and thematic fields, meaning representation, meaning extension, conceptual mapping, and ontology building, discourse and truth- value analysis), students will get acquainted with the state-of-the-art in the area of natural language processing (NLP) and natural language generation (NLG), which will help them establish a comprehensive theoretical framework for performing a variety of NLP and NLG-related tasks. Throughout a series of video lectures, independent reading activities, and extensive practical training, students will learn to organize and represent unstructured and semi-structured linguistic data for further use in various text mining, information retrieval, and knowledge management applications. Students will study the foundations of compositional and distributional semantics, learn to analyse the topic structure and develop their competence to build semantic models, i.e., semantic networks, taxonomies, ontologies and knowledge graphs, and customize and apply existing ones. Upon completion of the study course, students will be able to participate in the work of various NLP technology development teams, conduct research in the field of digital semantics and pragmatics, and solve a range of knowledge management tasks, as well as create solutions to complex problems with limited definition that are related to modifying, refining, improving and integrating new content and information into existing knowledge of digital semantics and pragmatics to create new and original ideas. Students will be able to participate in the creation and adaptation of lexicographic resources to the needs of individual industries, particular SMEs and start-ups in the development of new products and services with high added value.","Goals of the study course: - to ensure students develop a comprehensive knowledge of semantic relationships, categorial grammar, and meaning representation models to be able to compile, maintain, and customize digital lexicographic (e.g., WordNet dictionaries, semantic networks, ontologies, knowledge graphs, etc.) and text processing resources; - to develop student’s competence in selecting, using, and customizing relevant language technologies for retrieval, collection, organization, storage, and representation of semantic and pragmatic data; - to develop student’s competence in co-constructing and co-creating semantic and pragmatic data, resources, and context-specific knowledge. Objectives of the study course: - to advance student’s skills in developing, adjusting, and applying digital semantic, pragmatic, and syntactic models for word sense representation and analysis; - to develop student’s ability to understand working principles of related NLP technologies and apply them to process unstructured and semi-structured semantic data for various applications; - to develop student’s competence in using knowledge graphs, word sense taxonomies, and distributional semantic models to organize and represent semantic and pragmatic data; - to develop student’s competence in using natural language generation tools for various domains; - to advance student’s ability to cooperate in proposing and creating solutions to interdisciplinary semantics and pragmatics-rooted language technology challenges of various complexity levels with limited definition using digital tools and possible technological responses, and to adapt and customize digital environments to personal needs.","Students shall independently get acquainted with a comprehensive body of relevant literature and engage in extensive hands-on training, which will provide them with professional knowledge and competence in the selection and application of language technologies for compiling, organizing, representing, and managing linguistic data. The study course was developed within the Language Technology Initiative project 2.3.1.1.i./0/1/22/I/CFLA/002 LU RN ESS2023/453, and in the validation and piloting stage is delivered as a MOOC. The study course is available upon registration at https://mooc.rtu.lv/courses/digital-semantics-and- pragmatics/.","Obligātā. / Obligatory: 1. DITEF DHZI. MOOC Digital Semantics and Pragmatics https://mooc.rtu.lv/courses/digital-semantics-and- pragmatics/ 2. Kejriwal, Mayank. Knowledge graphs: fundamentals, techniques, and applications /Mayank Kejriwal, Craig A. Knoblock, and Pedro Szekely., xxvii, 530 lpp.: ilustrācijas; 24 cm 3. Stefanowitsch, A. Corpus-based Approaches to Metaphor and Metonymy. In Stefanowitsch, A. and Gries, S. Th. (eds) Corpus-based Approaches to Metaphor and Metonymy. Berlin, Germany: Mouton de Gruyter, 2006. https://www.researchgate.net/publication/292744446_Corpus-based_approaches_to_metaphor_and_metonymy 4. Hasan, Md. Transformers in Natural Language Processing 2022. https://www.researchgate.net/publication/364842359_Transformers_in_Natural_Language_Processing 5. Patil, N. Understanding Transformers: A Breakthrough in Natural Language Processing 2023 https://medium.com/@nihal.patil1122/understanding-transformers-a-breakthrough-in-natural-language- processing-8c1f5858ace4 6. O'Grady, William. The Natural Syntax of Local Coreference Frontiers in Psychology. 12, 2021. https://www.frontiersin.org/articles/10.3389/fpsyg.2021.660296/full 7. Kroeger, P. Basic Concepts in Information Structure: Topic, Focus, and Contrast GIALens 2017 Volume 11, No. 1 https://www.diu.edu/documents/gialens/Vol11-1/Kroeger-Basic-Concepts-Information-Structure.pdf Papildu. / Additional: 1. Jackson H., Ze Amvela E. Words, Meaning and Vocabulary: An Introduction to Modern English Lexicology UK: Cromwell Press, 2000 2. Liu, Z., Lin, Y., Sun, M. Compositional Semantics In: Representation Learning for Natural Language Processing. Springer, Singapore. 2020. https://doi.org/10.1007 3. Robert D. Van Valin, Jr. Randy J. LaPolla. Syntax: Structure, meaning and function. CUP, 2002 4. Dowty, D.R. Word Meaning and Montague Grammar The Semantics of Verbs and Times in Generative Semantics and in Montague’s PTQ Journal of Symbolic Logic 48 (2):501-502","Basic knowledge of Python programming language, DigComp at Level 3-4 according to the European Digital Competence Framework, language competence at least at B2 level according to CEFR.",detailed_pdf_available,https://studreg.rtu.lv/reg/pub/skr/pdf/41409/en/DE1066.pdf
DE1067,Multimodal Digital Semiotics,Courses of Free Choice,3.0,EN,"The study course is primarily aimed at developing advanced and highly specialized proficiency level competences and skills of the students mastering study programmes in humanities, interdisciplinary STEM+ based, and information technology. The study course promotes students' awareness of various linguistic and non- linguistic semiotic systems and helps them develop a comprehensive understanding of the current trends in their change and development under the influence of digital technologies and media. Upon completion of the study course, students will advance their knowledge of various sign systems, textual interactions, conceptual relations, spatial relations, sequential relations, and syntagmatic and paradigmatic dimensions of signification. Students will develop advanced competence in creating and disseminating multimodal content via digital media, they will also establish a sound competence for the development, customization, and maintenance of digital semiotic resources. The syllabus of the study course has been balanced to cover a range of theoretical and applied issues to demonstrate the added value of integrating language technology-instigated solutions in the development, customization, and maintenance of multimodal digital semiotic resources. Through a series of lectures, workshops, and practical classes, students will learn to cooperate in proposing and creating solutions to interdisciplinary semiotic language technology-related challenges of various complexity level with limited definition associated with creation, edition and dissemination of digital content in different formats, and self- expression through digital means. Students will develop awareness of the added value that the methods and tools of Multimodal Digital Semiotics may ensure in multimodal digital content creation, digital editing and publishing, development and localization of games, digital advertising, and semiotic data management. It will ultimately increase the employability of the students and help them come up with cost-efficient solutions meeting the needs of the interdisciplinary STEM+ industry and individual SMEs. Students will be motivated to integrate the acquired interdisciplinary knowledge and to contribute within the scope of the gained professional competencies to guide others in interaction and sharing through digital technologies. Methods and tools of Multimodal Digital Semiotics present a new scientific method of studying language and other sign systems for research, development, and co-development of knowledge management and knowledge representation models, systems, and solutions in communication sciences, computer science, and across STEM+ areas.","Goals of the study course: - to advance student knowledge of linguistic and non-linguistic semiotic systems, various aspects of efficient coding, representation, and communication of meaning in the multimodal digital environment; - to develop student competence in integrating language technology-instigated solutions in the development, customization, and maintenance of multimodal digital semiotic resources; - to develop student skills in using and customization of relevant digital semiotic resources for cost-efficient solutions to industry-related challenges. Objectives of the study course: - to promote student understanding of key concepts of semiotics and the role of multimodal semiotic resources in creating added value; - to develop student skills to create and disseminate high-quality multimodal content via digital media; - to develop student skills to select, use, develop, customize, and maintain multimodal digital semiotic resources to solve practical tasks in such areas as digital content creation, digital advertising, gaming, digital editing, and publishing, etc.; - to advance student competence and willingness to cooperate in proposing and creating solutions to interdisciplinary semiotic language technology-related challenges of various complexity level with limited definition associated with creation, edition and dissemination of digital content in different formats, and self- expression through digital means.","Students should independently get acquainted with a comprehensive body of relevant literature. Students should develop and/or customize an emulated digital semiotic resource to solve a real industry-related task. The study course was developed within the Language Technology Initiative project 2.3.1.1.i./0/1/22/I/CFLA/002 LU RN ESS2023/453, and in the validation and piloting stage is delivered as a MOOC. The study course is available upon registration at https://mooc.rtu.lv/courses/multimodal-digital-semiotics/","Obligātā. / Obligatory: 1. DITEF DHZI. MOOC Multimodal Digital Semiotics https://mooc.rtu.lv/courses/multimodal-digital-semiotics/ 2. Danesi, Marcel,. The Semiotics of Emoji: the rise of visual language in the age of the Internet /Marcel Danesi., viii, 197 lpp.: ilustrācijas, tabulas; 22 cm. 3. Paolucci, Claudio. Cognitive Semiotics: integrating signs, minds, meaning and cognition /Claudio Paolucci., xiv, 157 lpp.: ilustrācijas; 24 cm. 4. Kress, Gunther. Multimodality: a social semiotic approach to contemporary communication /Gunther Kress. London; New York: Routledge, 2010., xvi, 212 lpp.: ilustrācijas; 24 cm. 5. Chandler, Daniel,. Semiotics: the basics /Daniel Chandler. London; New York: Routledge, c2007., xviii, 307 lpp.: il. Papildu. / Additional: 1. Bateman, John, Karl-Heinrich Schmidt. Multimodal Film Analysis How Films Mean Routledge, 2012 2. Routledge Companion to Semiotics and Linguistics. Cobley, P. (Ed.) USA: Routledge, 2011 3. Iyer, Radha and Luke Carmen. Multimodal, Multiliteracies: Texts and Lietracies for the 21st Century In Multilietracies and technology Enhanced Education: Social Practice and the Global Classroom, edited by Pullen, Darren, L., and Cole, David R. IGI Global. Pp 18 – 34, 2010 4. Zima, Elisabeth and Bergs, Alexander. Multimodality and construction grammar Linguistics Vanguard, vol. 3, no. s1, 2017, pp. 20161006. https://doi.org/10.1515/lingvan-2016-1006 5. Kress, Gunther R., Theo Van Leeuwen. Multimodal Discourse: The Modes and Media of Contemporary Communication Arnold, 2001","DigComp at Level 3-4 according to the European Digital Competence Framework, language competence at least at B2 level according to CEFR.",detailed_pdf_available,https://studreg.rtu.lv/reg/pub/skr/pdf/41411/en/DE1067.pdf
DE1068,Digital Sentiment Analysis,Courses of Free Choice,3.0,EN,"The study course is primarily aimed at developing advanced and highly specialized proficiency level competences and skills of the students mastering study programs in humanities, interdisciplinary STEM+ based, and information technology. The study course is envisioned for post-graduate students with the basic knowledge of natural language processing (NLP) willing to advance their competence in sentiment analysis and textual data processing for a variety of applied industry-related tasks. Students will learn to classify unstructured and semi- structured data to determine sentiment polarity (i.e., either positive, negative, or neutral) with the help of free and commercial tools that they will customize for their own research, learning, and occupational needs. Students learn to retrieve and select sentiment-related characteristics and contextual features using relevant models and to assess the impact of the emotion-related words on the overall sentiment of the analysed text. Students will develop skills to extract the semantic information from the text, to analyse, classify and evaluate it in terms of sentiment for improving customer experience and quality assurance purposes. Students will master speech tagging, noun phrase extraction, emotion detection, and sentiment analysis, and will address such notions as polarity, intentions and subjectivity by practically working with Python and its dedicated libraries for sentiment analysis, e.g., NLTK and TextBlob. In the practical assignments, students will implement lexicon-based sentiment analysis (e.g., using the VADER (Valence Aware Dictionary and sEntiment Reasoner) lexicon), use pre-trained models for sentiment identification (e.g., the RoBERTa model) and other solutions such as Matplotlib library for the visualization and evaluations of sentiment analysis results. Given the added value sentiment analysis can ensure in the analysis of marketing data, e-commerce, public opinion polling, business intelligence, policy planning, education efficiency assessment, and other fields, the competencies and skills students will develop within the study course will contribute to their professional practices and employability and help them solve topical industry challenges.","Goals of the study course: - to develop student’s knowledge about the key concepts of sentiment analysis, e.g., polarity, intentions and subjectivity, bi-grams, tri-grams, and n-grams; - to develop student’s knowledge in the normalizations and representation of a text using various methods, e.g., Bag-of-Words, TF-IDF, etc.; - to establish student’s competence to develop, customize, and test trained models for sentiment analysis using relevant software. Objectives of the study course: - to advance student’s skills to preprocess and analyse data for sentiment analysis; - to develop student’s skills to practically perform text tokenization, lemmatization, noise cleaning, stopwords filtering, etc.; - to develop student’s skills to retrieve and analyse n-grams; - to develop student’s ability to relate word vectors to the classification of sentiment; - to develop student’s ability to cooperate in proposing and creating solutions to interdisciplinary language technology challenges of various complexity levels with limited definition which are related to wise, risks minimizing usage of digital technologies on people and environment, including their use for social well-being and social integration; - to develop student’s awareness of the ethical aspects of conducting sentiment analysis and sustainable and ethical application thereof.","Students get acquainted with a vast body of theoretical literature, get hands-on experience in using free and commercial tools, models and libraries for sentiment analysis, and implement a case study on sentiment analysis for a specific purpose. The study course was developed within the Language Technology Initiative project 2.3.1.1.i./0/1/22/I/CFLA/002 LU RN ESS2023/453, and in the validation and piloting stage is delivered as a MOOC. The study course is available upon registration at https://mooc.rtu.lv/courses/digital-sentiment-analysis/","Obligātā. / Obligatory: 1. DITEF DHZI. MOOC Digital Sentiment Analysis https://mooc.rtu.lv/courses/digital-sentiment-analysis/ 2. Brink, Henrik. Real-world machine learning / Henrik Brink, Joseph W. Richards, Mark Fetherolf., xxii, 242 lpp.: diagrammas, ilustrācijas, tabulas; 24 cm. 3. Farhadloo, Mohsen & Rolland, Erik. Fundamentals of Sentiment Analysis and Its Applications. 2016. http://dx.doi.org/10.1007/978-3-319-30319-2_1 4. Bing Liu. Sentiment Analysis: Mining Opinions, Sentiments, and Emotions CUP, 2020. 5. Dhawale, Chitra & Chaudhari, Vandana. Sentiment Analysis Techniques, Tools, Applications, and Challenge 2020. DOI:10.4018/978-1-5225-8575-6.ch003 Papildu. / Additional: 1. Sentiment Analysis for Social Media. Eds. Antonio Moreno, Carlos A. Iglesias MDPI AG, 2020. 2. Brand, C.O, Acerbi, A. and Mesoudi, A. Cultural evolution of emotional expression in 50 years of song lyrics SocArXiv: 2019. 3. Špats, Gatis,. Opinion Mining in Latvian Text Using Semantic Polarity Analysis and Machine Learning Approach / Gatis Špats, Ilze Birzniece","Basic knowledge of Python programming language and natural language processing; DigComp at Level 3-4 according to the European Digital Competence Framework, language competence at least at B2 level according to CEFR",detailed_pdf_available,https://studreg.rtu.lv/reg/pub/skr/pdf/41412/en/DE1068.pdf
DE1095,Digital Ethics and Artificial Intelligence Interaction,Compulsory/Courses of Limited Choice; Courses of Free Choice,6.0,"LV, EN","The study course provides an in-depth insight into the conceptual foundations of digital ethics and their connection with the architecture and application of large language models (LLM) in artificial intelligence (AI). Special attention is paid to the main principles of digital ethics, safe and responsible behavior in virtual space, as well as the technical aspects of large language models, their architecture, training processes, the importance of data quality, and practical applications, which simultaneously create new opportunities for innovation and serious ethical challenges. The study course combines theoretical understanding of ethical paradigms and artificial intelligence architecture with practical tasks in case analysis and critical evaluation.","The aim of the study course is to provide students with knowledge of ethics and the operating principles of large language models in artificial intelligence, to develop students' ability to combine the theoretical foundations of digital ethics with a technical understanding of AI, critically evaluating their interaction. Objectives of the study course: - to provide in-depth knowledge of the ethical theories and principles that govern the use of technology; - to teach about architecture, operating mechanisms, and training processes of large language models; - to develop the ability to theoretically and practically apply the principles of digital ethics in the analysis and use of AI solutions in various industries; - to promote students' abilities and competencies in creating scenarios for the use of large language models, integrating technical and ethical knowledge.","Independent work by students includes analytical work with educational literature and other sources of information, individual and group tasks, and case study solutions.","Obligātā/Obligatory: 1. European Union. Regulation (EU) 2024/1689 of the European Parliament and of the Council of 13 June 2024 (Artificial Intelligence Act). Official Journal of the European Union, 12 July 2024, http://data.europa.eu/eli/reg/2024/1689/oj 2. Julie Mehan. Digital Ethics in the Age of AI: Navigating the ethical frontier today and beyond. Itgp, 2024, 266pp. ISBN: 1787785491. 3. Markus Dubber, Frank Pasquale, Sunit Das. Oxford Handbook of Ethics of AI. Oxford University Press, 2021, 896pp. ISBN: 0197601448 4. James Phoenix, Mike Taylor. Prompt Engineering for Generative AI: Future-Proof Inputs for Reliable AI Outputs. O'Reilly Media, 2024, 422pp. ISBN: 109815343X 5. Denis Rothman. Context Engineering for Multi-Agent Systems: Move beyond prompting to build a Context Engine, a transparent architecture of context and reasoning. Packt Publishing, 2025, 396pp. ISBN: 1806690055 6. Chip Huyen. AI Engineering: Building Applications with Foundation Models. O'Reilly Media, 2025, 532pp. ISBN: 1098166302 Papildu/Additional: 1. Gregory J. Robson, Jonathan Y. Tsou. Technology Ethics. Routledge, 2023, 320pp. ISBN: 1032038705 2. Kirsten Martin. Ethics of Data and Analytics. Auerbach Publications, 2022, 492pp. ISBN: 1032062932 3. Walid Walters. The Prompt Engineering Handbook for LLMS: Unlock the Full Potential of LLMs with Expert Prompt Design Strategies for Better Outputs, Smarter Responses, and Real-World Results. Singularity Publications, 2025, 109pp. ISBN: 1917716273",Basic knowledge of information technology.,detailed_pdf_available,https://studreg.rtu.lv/reg/pub/skr/pdf/41570/en/DE1095.pdf
DE0810,Introduction to Knowledge Society Technology,Compulsory/Courses of Limited Choice,6.0,"LV, EN","The knowledge society is in bases of all modern innovations and knowledge development since the beginning of the 21st century. In this study course, we are going to learn about the actual knowledge of technologies in society being used, developed from the second half of the 20th century to nowadays. During the study course, students will get acquainted with the principles of operation of computers, data networks; their structure, and physical processes in communication technologies. After completing the study course, students will be able to explain the principles of operation of a computer and its functional components. The study course will also provide an intuitive overview of computer data input and output interfaces, physical processes in them, as well as conceptual methods used to control data flow. During the study course, students will refresh understanding of binary and hexadecimal counting systems, which also will help to build a strong foundation in the understanding of computers operations. Students will gain insight into the physical processes and organizational liabilities that ensure the existence of information and data communications technologies. Also, the main computers operating systems used in practice will be discussed. The basic principles of maintenance of secure digital operating environments to avoid computer viruses and malware will be explained. Even more, the study course provides an insight into the elements of signal theory to understand principles of data communication in dense electrically conductive media, light-conducting optical media, and wireless or vacuum environments. During the study course, students will also get acquainted with currently used multimedia technologies (like digital footage making, and audio production), hidden tools under the hood of WEB browsers, and other useful utilities. At the end of the study course, the development trends of knowledge society technologies will be considered.","The study course aim is to provide the acquisition of updated and reliable information, hand-on-experience enabling building of creative, efficient, and qualitative knowledge and skills of how-to-use modern computers, data networks, and principles of signal transmission. The tasks of the study course are to provide conditions, transfer experience and provide information for the improvement of knowledge about computer systems, data networks, as well as the principles of operation and construction of data interfaces. Practised tasks help to form a new understanding of the importance of software layer for the operation of computer systems, as well as the basic methods of safe data retrieval, processing, presentation, transmission, and storage. The study course task list includes knowledge gaining on basic principles of data and computer network security, as well as familiarity explaining the physical principles and concepts of IT and communication technologies. Also, one of the study course tasks provides hands-on-experience in organizing essential ""client- server"" type communication using standard WEB browser and some extra utilities.","Students individually recover study materials in the virtual study course environment and perform assigned tasks. Students have an opportunity to test their knowledge, skills and abilities solving practical exercises. Students must learn to choose relevant IT solutions based on the set of optimal criteria. Study course participant have the opportunity to mail with staff and participate in discussion forums communicating with course mates. It is expected that the study course participants will study ongoing learning materials before the current face-to- face lesson. Thus, the flipped-classroom method allows focusing on practical work and solving current thematic tasks efficiently.","OBLIGĀTĀ. / OBLIGATORY 1. The evolution of computers in society Addressing learning outcomes and building key skills. Resources and strategies for the LEAVING CERTIFICATE COMPUTER SCIENCE CLASSROOM/ NCCA-The-Evolution-of- Computers-in-Society-LC-SC.pdf https://curriculumonline.ie/getmedia/a5e0d88d-e0f1-43bc-ab68- 349b5660fbce/NCCA-The-Evolution-of-Computers-in-Society-LC-SC.pdf (2017) 2. Internet resources. www.collinseducation.com http://www.cisco.com/web/learning/ http://www.mikrotik.com/training/academy https://www.netacad.com/ 3. Ron White. How Computers Work: The Evolution of Technology, Que Publishing, 10th Edition (2015) 4. Rhodes Brian. Designing Access Control Guide https://ipvm.com/ Retrieved (1 October 2019) 5. Opening new doors with IP access control – Secure Insights. Secure Insights 16 March 2018 Retrieved 20 June 2021 (2021) 6. Firsts, J. Sistēmiska pieeja zināšanu un prasmju pārvaldībā izglītības vadības kontekstā. Sabiedrība, integrācija, izglītība, 2.[sēj.] (2013), 562.-570.lpp. https://doi.org/10.17770/sie2013vol2.611 7. Stašāne, J. Zināšanas kā pārvaldības resurss konkurētspējas apstākļos. Daugavpils Universitātes Sociālo zinātņu fakultātes starptautisko zinātnisko konferenču rakstu krājums 3.d., Ekonomikas aktualitātes, (2013), 236.- 250.lpp. https://du.lv/wp-content/uploads/2022/11/SZF-krajums_III-Ekonomika_2013.pdf 8. Līpenītis, Aivars Mirzo. [Un]failing: līderība, labbūtība, pašrealizācija jeb kas nosaka [ne]izdošanos sevis izaicinājumos /Aivars Mirzo Līpenītis., 366 lpp.: ilustrācijas; 24 cm 9. Zinātniskās darbības metodoloģija: starpdisciplināra perspektīva: kolektīvā monogrāfija /K. Mārtinsones un A. Piperes zinātniskajā redakcijā; recenzenti: Dr.habil.oec. Baiba Rivža, Ph.D. Juris Dragūns, Dr.med. Ieva Reine; literārā redaktore Inta Rozenvalde; vāka mākslinieks Modris Brasliņš; Rīgas Stradiņa universitāte., 607 lpp.: ilustrācijas, portreti, shēmas, tabulas; 25 cm PAPILDU. / ADDITIONAL 1. Shuiguang Deng, Hailiang Zhao, Weijia Fang, Jianwei Yin, Schahram Dustdar, and Albert Y Zomaya. Edge intelligence: the confluence of edge computing and artificial intelligence. IEEE Internet of Things Journal 7, 8 (2020), pp. 7457—7469 2. Industrial Internet Consortium. Industrious Internet Reference Architecture. https://www.iiconsortium.org/IIRA.htm (Jun 2019) 3. Judd Will. AMD unveils three Radeon 6000 graphics cards with ray tracing and RTX-beating performance Eurogamer. Retrieved (October 28, 2020) 4. The Evolution of Access Control. https://www.isonas.com. Retrieved (26 September 2019) 5. CITI INFORMĀCIJAS AVOTI. / OTHER SOURCES 6. Incident Command System. NIMS Online: Serving the National Incident Management System (NIMS) Community Archived from the original on 18 March 2007. Retrieved (6 March 2022) 7. Smart access control policies for residential & commercial buildings. Archived from the original on 4 July 2017. Retrieved (11 September 2021) 8. How does a Gigabit Passive Optical Network (GPON) work?. European Investment Bank. Retrieved (7 June 2021)",Personal computer with access to internet.,detailed_pdf_available,https://studreg.rtu.lv/reg/pub/skr/pdf/37602/en/DE0810.pdf
DE0703,E-pedagogy and e-didactics,Compulsory/Courses of Limited Choice,3.0,"LV, EN","The study course provides students with a comprehensive overview of a range of issues topical the digital age: e- pedagogy and its essence; development of pedagogical competencies to be applied in working with digital media and technologies; digital identities, their development; learning through internet; pedagogic-didactic implications of internet use; the internet as a learning medium; didactics of vocational education.","The aim of the study course is to develop sound background knowledge of the students and raise their awareness about categories, principles and regularities of e-pedagogy and didactics. The tasks of the course: • to encourage students to master the methods, forms and tools of e-pedagogy and didactics for digital humanities applications; • to develop student understanding of the learning theories, their representation in the e-learning process and use of digital media for educational purposes; • to develop students’ pedagogical skills to facilitate the creation of the digital identity of pupils and students.",Students have to study relevant literature and complete an individual task “Curriculum Design Methodology of a Lecture/Practical Class”. The paper should demonstrate student’s knowledge and skills in planning a lecture/practical class and curriculum design on an e-pedagogy and didactics platform.,"Obligātā/Obligatory: 1. Valtiņš, K. Augstskolu virzītas sociālās inovācijas zināšanu trijstūrī. Rīga, 2024 2. Mācīšanas un mācīšanās metodes un paņēmieni: kā veicināt aktīvo un pašregulētu mācīšanos studiju procesā? / Katrīna Elizabete Puriņa-Biezā, Raimonds Strods. Rīga: RSU, 2024 3.. Baldiņš, A.(2016). Insights into e-pedagogy Concept Development. Procedia-Social and Behavioral Sciences, 231, 251-255. 4. Kergel D., Heidkamo-Kergel B. (2022). E-Learning and E-Didactics: Learning in the Digital Age. 5. El Mhouti, A., Nasseh, A., & Erradi, M. (2016). A Framework to Stimulate Collaborative e-Learning through Collaborative Educational Games Modeled Using IMS-LD. world, 3(4), 5. 6. El Mhouti, A., Nasseh, A., Erradi, M., & Vasquèz, J. M. (2016). Enhancing collaborative learning in Web 2.0- based e-learning systems: A design framework for building collaborative e-learning contents. Education and Information Technologies, 1-14. 7. Gutiérrez-Santiuste, E., Gallego-Arrufat, M. J., & Simone, A. (2016). Barriers in computer-mediated communication: typology and evolution over time. Journal of e-Learning and Knowledge Society, 12. 8. Krasulia A., Pistor P. Virtual internationalisation–how COIL and other models can support cross-border exchange /The Internationalisation of Higher Education Perspectives from the THEA Ukraine Project and Beyond / Pistor P. (Ed.). Münster, 2021. P. 98-110. 9. Krasulia, A., Saks, K. Students’ perceptions towards mobile learning in an English as a foreign language class // IEEE 20th International Conference on Advanced Learning Technologies, ICALT 2020, Estonia, 6–9 July, 2020. pp. 238–240. 10. Lebid А.E., Krasulia А., Sushkova O., Shevchenko N.A. Technologically Supported Infusion of 21st century Skills Development within 21 Days. European Journal of Contemporary Education. 2021.10(4): 969-980. Papildu/Additional: 1. Sistek-Chandler C. M.(2020). Exploring Online Learning Through Synchronous and Asynchronous Instructional Methods. 2. Krasulia, А. Developing EFL Students’ Speaking Skills: 21-Day Vlog Challenge [Text] / A. Krasulia // ІІІ Annual Conference on Current Foreign Languages Teaching Issues in Higher Education: International Scientific and Practical Conference, 2021. Kyiv, 2021. P.70-73.",Not required.,detailed_pdf_available,https://studreg.rtu.lv/reg/pub/skr/pdf/37340/en/DE0703.pdf
DE0706,Media and Society,Compulsory/Courses of Limited Choice,3.0,"LV, EN","Within this study course, students analyze the influence of media on the mass consciousness and the behavior of indivuduals developing the skills to use critical discourse analysis (CDA) in researching media content. Special attention is paid to the possible manipulations with mass consciousness. Within the course several communication theories and the possibilities to use them in research practice discussed. Special emphasis is made on data protection and information reliability on the internet.","The goal of the study course is to provide the students with the basic competencies to enable them to conduct qualified media critical discourse analysis fulfilling their professional duties. Within this course students develop skills to evaluate the reliability of information, to recognize manipulative methods and to apprehend the ethical aspects of media content.",In order to gain credits for the course it is required to fulfil the following independent tasks: 1) the study of relevant literature; 2) tests; 3) exercises; 4) discussions at seminars; 5) practical assignments.,"Obligātā/Obilatory: 1. Veinberga S.. Mediju misija. Preses attīstības tendences Latvijā pēc valsts neatkarības atjaunošanas (1990- 2010). Rīga: Zvaigzne ABC, 2010. 2. Veinberga S.. Masmediji: prese, radio, televīzija. Rīga: Zvaigzne ABC, 2005. 3. Rožukalne A. Mediju socioloģija. Nacionālā enciklopēdija, 2021. Pieejams: https://enciklopedija.lv/skirklis/160671-mediju-sociologija Papildu/Additional: 1. Curran J., Hesmoudhalfph D. (Eds.) Media and Society (6th Edition). London et al: Bloomsbury Academic, 2019. Pieejams: https://d1wqtxts1xzle7.cloudfront.net/59441194/final_proofs20190529-74192-bvvmil- libre.pdf?1559148098=&response-content- disposition=inline%3B+filename%3DMedia_and_Society_6th_edition.pdf&Expires=1677943141&Signature=O EPpAkN0FY5bMXcM4RY1Bua3joF1GEByTH2PcK2RxH~LgG9vG2bM0Vd4q98Uh0Px4fNUbplXFJA7T9ba 7JKCwVsMALEsuLhbXO9qmhv- OVoYzJd~6jKuUxqlxdh~GqmoSxKvxdneTqIgZ55RyBY51lfHnaPjfpN4~mAizz8THDb0w8vwX094C20BZrm RH22UG4yjrujA7T2dhNBvvMM0OS5slLEAdDyzXYDtpDe~POtmAfgJtj3puIZx5RdI~hgUhKZF9fQoL0vA3S OBWsx6wud5jNF7Ou6IMQI9eCP~CSk6CWCDzx4-54GicZyZ~ZkaseHJMMiaFpCHpxGxkszr8A__&Key- Pair-Id=APKAJLOHF5GGSLRBV4ZA#page=237 2. Rožukalne, A. Aggressive memories or aggressiveness that changes memories? An analysis of audience reaction to news stories on significant historical events using data from the index of internet aggressiveness. In: Hanovs D., Gubenko I. Memory — access denied? Political landscapes of memory and inclusion in contemporary Europe. Riga: Zinātne Publishers, 2018. pp.117 -140. 3. Rožukalne, Anda. The elusive cyber beasts: how to identify the communication of pro-Russian hybrid trolls in Latvia’s internet news sites? / A.Rožukalne, K.Sedlenieks // Central European Journal of Communication. - Vol.10, No.1(18) (2017, Spring), p.79-97. 4. Rožukalne, Anda. Krievijas mediji Latvijā: īpašnieki, regulācija, ietekme / A.Rožukalne // Krievijas publiskā diplomātija Latvijā: mediji un nevalstiskais sektors / red. A.Kudors. - Rīga: Austrumeiropas politikas pētījumu centrs: LU Akadēmiskais apgāds, 2014. - 76.-99",A general introductory course in sociology may be an advantage.,detailed_pdf_available,https://studreg.rtu.lv/reg/pub/skr/pdf/37343/en/DE0706.pdf
DE0710,Cognitive and Social Psychology,Compulsory/Courses of Limited Choice,3.0,"LV, EN","The study course covers the basic principles of cognitive and social psychology, with an emphasis on social cognition and its practical application in everyday professional and personal activities. The study course is arranged in three parts, where the first one focuses on social psychology, the second part reviews cognitive processes, the third part emphasizes social cognition. Throughout the lecture course, students understand how cognitive processes affect social processes and vice versa, also viewing them in correlation with virtual environment. At the end of the study course, students know the interaction of cognitive and social processes, holds methods of managing these processes and are able to make socially responsible decisions in carrying out effective cognitive and social functioning. Various teaching methods are used in the acquisition of the study course - case studies, discussions, surveys and tests, presentations, group work, videos, etc. audience engagement techniques.","The aim of the study course is to develop an understanding of the basic concepts of social cognition, the interaction of social and cognitive psychology and how they affect everyday life and professional activities, so that students can effectively and socially responsibly analyze and interpret social and cognitive processes in everyday life and professional life by addressing current psychological issues. Tasks of the study course: 1. To form an understanding of the main constructs of social and cognitive psychology, currently relevant, their mutual interaction, emphasizing the virtual environment. 2. To improve the skills to distinguish the processes of social psychology from the cognitive ones and to choose appropriate methods for the research, analysis, and improvement of these processes. 3. To promote students' self-assessment, personal growth, development of cognitive processes and responsibility in the improvement of social processes by reviewing case studies and practical work. 4. To promote the competence to recognize the surrounding and one's own strengths and development opportunities in the context of social cognition, to apply correct methods in acting on one's own and other people's potential in a socially responsible and ethical way. 5. To develop an understanding about the features of user-friendly, evidence-based products and services and their ethical use.",Autonomous work is organized at the lectures and in the e-learning environment using lecture notes and texts prepared by the instructor. Individual work is aimed at developing skills for self-analysis and ability to recognize psychological problems in texts or personal experience.,"Obligātā/Obligatory: Pennington, D.C., et al. (2000). Social Cognition, Taylor & Francis Group. ProQuest Ebook Central, http://ebookcentral.proquest.com/lib/rtulv-ebooks/detail.action?docID=165593. Mārtinsone, K., Miltuze, A. (2015). Psiholoģija 1., 2. daļa. K.Mārtinsones un A.Miltuzes red., Rīga Zvaigzne ABC Kahneman, D. (2013). Thinking fast and slow. Farrar, Straus and Giroux Whitty, M.T. (2016). Cyberpsychology: The Study of Individuals, Society and Digital Technologies, edited by Garry Young. John Wiley & Sons, Incorporated. ProQuest Ebook Central, http://ebookcentral.proquest.com/lib/rtulv-ebooks/detail.action?docID=4723029. Papildu/Additional: DeLamater, J.D., Myers, J.D. Collett, J. (2018). Social Psychology, Taylor & Francis Group. ProQuest Ebook Central, http://ebookcentral.proquest.com/lib/rtulv-ebooks/detail.action?docID=1652845. Whitty, M.T. (2016). Cyberpsychology: The Study of Individuals, Society and Digital Technologies, edited by Garry Young. John Wiley & Sons, Incorporated. ProQuest Ebook Central, http://ebookcentral.proquest.com/lib/rtulv-ebooks/detail.action?docID=4723029. Morris, R., Ward, G. (2005). The Cognitive Psychology of Planning, edited by Robin Morris, and Geoff Ward, Taylor & Francis Group, ProQuest Ebook Central, http://ebookcentral.proquest.com/lib/rtulv- ebooks/detail.action?docID=199199. Dautenhahn, K. (2000). Human Cognition and Social Agent Technology. John Benjamins Publishing Company. ProQuest Ebook Central, http://ebookcentral.proquest.com/lib/rtulv-ebooks/detail.action?docID=622667. Brown, C (2006). Social Psychology, SAGE Publications, 2006. ProQuest Ebook Central, http://ebookcentral.proquest.com/lib/rtulv-ebooks/detail.action?docID=334533. Ranyard, R. (2017). Economic Psychology. John Wiley & Sons, Incorporated, ProQuest Ebook Central, http://ebookcentral.proquest.com/lib/rtulv-ebooks/detail.action?docID=4901691. Other sources of information: RTU subscription database ProQuest E-book central, keywords “social psychology”, “cognitive psycholo",Prerequisites in general and communication psychology are desirable.,detailed_pdf_available,https://studreg.rtu.lv/reg/pub/skr/pdf/37347/en/DE0710.pdf
DE0808,Internship,Internship,6.0,,"The internship is aimed at practically strengthening the acquired theoretical knowledge and skills working in the interdisciplinary field of Digital Humanities. It is conducted according to the individual assignment elaborated jointly by the student, university and a company. The internship includes establishing theoretical foundations in the work area, execution of the tasks from the individual assignment and preparation of the internship report.","Fieldwork/internship is an essential part of the study programme aimed at improving the professional skills and competencies of the student in the professional environment, as well as advancing and improving their knowledge in digital humanities related fields. The tasks of the fieldwork, which are assigned to each student individually, include but are not limited to: • development, practical application and approbation of a technology, web application or model; • analysis of the challenges pertaining to meaning representation exploiting, tailoring, approbating and developing technology, web application or model; • development of innovative solutions in Digital Humanities: multimodal content creation, graphic design, cartography, archive digitalization, etc.; • representation, processing and transfer of multimodal and intersemiotic information; • graphic data analysis and visualisation; • building a professional network; • establishment of a professional track record; • getting familiarised with the industry standards and legislation; • building awareness of sustainable, ethical and inclusive business practices; • getting familiarised with the code of professional ethics.","The tasks of an internship, a set of planned activities as well as the deadline for each assignment are formulated individually. The Supervisor of the Internship should make sure that the tasks are set in accordance with the latest development trends in the given industry. The student contacts both the Supervisor and the Internship Coordinator on the regular basis for a relevant updates on the results and challenges faced within the framework of the internship.","Obligātā. // Obligatory: 1. Platonova, Marina,. Academic Research Student Handbook: master of Science in Digital Humanities /Marina Platonova, Tatjana Smirnova and Zane Seņko; literary editor Larisa Ilinska; design: Paula Lore; Riga Technical University., 1 tiešsaistes resurss (90 lp.): ilustrācijas; 1,82 MB 2. Formatting and Style Guidelines for Study and Graduate Papers: guidelines /guidelines have been developed by the team headed by I. Lapiņa, M. Platonova; corporate authors: L. Budņiks, K. Fedotova, K. Kozlovskis, T. Smirnova, D. Ščeulovs, I. Tipāns; literary editor: Tatjana Smirnova; design: Baiba Lazdiņa; Riga Technical university. Faculty of Engineering Economics and Management, Faculty of E-Learning Technologies and Humanities, Foreign Students Department., 44, [10] lpp.: diagrammas, shēmas, tabulas; 30 cm 3. Dictionary and General Guidelines of Academic Integrity https://ebooks.rtu.lv/wp-content/ uploads/sites/32/2020/02/9789934224324_Akademiska-godiguma-terminu-vardnica_ visparejas-vadlinijas_PDF- 1.pdf Papildu. // Additional: 1. Doing more digital humanities: open approaches to creation, growth, and development /edited by Constance Crompton, Richard J. Lane, and Ray Siemens., xvi, 333 lpp.: faksimili, ilustrācijas; 24 cm 2. Advancing digital humanities: research, methods, theories /edited by Katherine Bode (Australian National University, Australia), Paul Longley Arthur (University of Western Sydney, Australia)., xii, 339 lpp.: ilustrācijas, kartes; 24 cm. 3. Dobson, James E.. Critical digital humanities: the search for a methodology /James E. Dobson., xiv, 175 lpp.: ilustrācijas; 23 cm. 4. Research Methods for Creating and Curating Data in the Digital Humanities / edited by Matt Hayler and Gabriele Griffin., vi, 207 lpp.: ilustrācijas; 24 cm.",n/a,detailed_pdf_available,https://studreg.rtu.lv/reg/pub/skr/pdf/37600/en/DE0808.pdf
DE0821,Master Thesis,Graduation Test,30.0,"LV, EN","Upon completion of the master study programme, students shall pass a state examination, which is assessed according to a 10-grade scale. Viva Voce of the Master Thesis makes part of the state examination. The Master Thesis amounting to 20 credit points consists of the theoretical and empirical/analytical parts (project). In the theoretical part of the Master Thesis, students investigate a selected issue in the field of digital humanities and provide an overview of the relevant theoretical literature, substantiate the topicality of the chosen theme and analyse its impact on the development of the field. The empirical/analytical (project) part of the Master Thesis presents a case study on: 1) the challenges of meaning representation exploiting, tailoring, approbating and developing technology, web applications or model; 2) the challenges associated with preservation, management and digitization of cultural heritage; 3) the development, analysis, practical application and approbation of technology, web application, mobile app or various models, e.g., a description of a developed e-learning course, applied software, web page development project, etc.; 4) the challenges in representation, processing and transfer of multimodal and intersemiotic information; 5) storage and archiving of multimedia information; 6) graphical analysis and visualization of data; 7) introduction and incorporation of edutainment principles into modern educational models and social activities, etc. Students develop their Master Theses independently in accordance with the study plan during the last semester of their studies consulting both the supervisor and, if necessary, a specialist in the respective field.",The aim of the study course is to provide students with an opportunity to attest to the set of skills and competencies they have developed having mastered the master study programme “Digital Humanities”. Tasks of the study course: • to help students demonstrate their research and analytical skills developing a theoretical part of their Master Thesis; • to motivate students to apply skills in digital humanities acquired within the framework of the Master study Program for analysing challenges in the chosen professional area; • to improve students’ scientific writing skills; • to consolidate students’ skills of identification and solving of interdisciplinary problems in the field of Digital Humanities and the skills of delivering academic presentations.,,"Obligātā. // Obligatory: 1. Platonova, Marina,. Academic Research Student Handbook: master of Science in Digital Humanities /Marina Platonova, Tatjana Smirnova and Zane Seņko; literary editor Larisa Ilinska; design: Paula Lore; Riga Technical University., 1 tiešsaistes resurss (90 lp.): ilustrācijas; 1,82 MB 2. Formatting and Style Guidelines for Study and Graduate Papers: guidelines /guidelines have been developed by the team headed by I. Lapiņa, M. Platonova; corporate authors: L. Budņiks, K. Fedotova, K. Kozlovskis, T. Smirnova, D. Ščeulovs, I. Tipāns; literary editor: Tatjana Smirnova; design: Baiba Lazdiņa; Riga Technical university. Faculty of Engineering Economics and Management, Faculty of E-Learning Technologies and Humanities, Foreign Students Department., 44, [10] lpp.: diagrammas, shēmas, tabulas; 30 cm 3. Dictionary and General Guidelines of Academic Integrity https://ebooks.rtu.lv/wp-content/ uploads/sites/32/2020/02/9789934224324_Akademiska-godiguma-terminu-vardnica_ visparejas-vadlinijas_PDF- 1.pdf Papildu. // Additional: 1. Advancing digital humanities: research, methods, theories /edited by Katherine Bode (Australian National University, Australia), Paul Longley Arthur (University of Western Sydney, Australia)., xii, 339 lpp.: ilustrācijas, kartes; 24 cm. 2. Debates in the digital humanities / Matthew K. Gold and Lauren F. Klein, editors., xv, 579 lpp.: ilustrācijas; 26 cm 3. Research Methods for Creating and Curating Data in the Digital Humanities / edited by Matt Hayler and Gabriele Griffin., vi, 207 lpp.: ilustrācijas; 24 cm. 4. Schuster, Kristen,Stuart Dunn (eds). Routledge International Handbook of Research Methods in Digital Humanities. Routledge, UK, 2020.",,detailed_pdf_available,https://studreg.rtu.lv/reg/pub/skr/pdf/37615/en/DE0821.pdf
